Created by PLY version 3.11 (http://www.dabeaz.com/ply)

Unused terminals:

    AMPERSAND
    AMPERSANDEQUAL
    ANYTYPE
    ASTERISKEQUAL
    ASTERISKPERCENT
    ASTERISKPERCENTEQUAL
    CARET
    CARETEQUAL
    CHAR
    CONTINUE
    DOT3
    DOTASTERISK
    DOTQUESTIONMARK
    ELSE
    ENUM
    EQUALRARROW
    EXCLAMATIONMARK
    EXCLAMATIONMARKEQUAL
    LARROW2
    LARROW2EQUAL
    LARROW2PIPE
    LARROW2PIPEEQUAL
    LARROWEQUAL
    LBRACKET
    LINE_COMMENT
    MINUSRARROW
    ORELSE
    PERCENTEQUAL
    PIPE2
    PIPEEQUAL
    PLUS2
    QUESTIONMARK
    RARROW2
    RARROW2EQUAL
    RARROWEQUAL
    RBRACKET
    SLASHEQUAL
    STRUCT
    SWITCH
    TILDE
    UNDEFINED
    UNION

Grammar

Rule 0     S' -> programa
Rule 1     programa -> funcao
Rule 2     programa -> decl
Rule 3     programa -> funcao programa
Rule 4     programa -> decl programa
Rule 5     funcao -> PUB FN ID LPAREN params RPAREN tipo_retorno LBRACE decl_interna RBRACE
Rule 6     funcao -> PUB FN ID LPAREN RPAREN tipo_retorno LBRACE decl_interna RBRACE
Rule 7     funcao -> FN ID LPAREN params RPAREN tipo_retorno LBRACE decl_interna RBRACE
Rule 8     funcao -> FN ID LPAREN RPAREN tipo_retorno LBRACE decl_interna RBRACE
Rule 9     funcao -> PUB FN ID LPAREN params RPAREN tipo_retorno LBRACE RBRACE
Rule 10    funcao -> FN ID LPAREN params RPAREN tipo_retorno LBRACE RBRACE
Rule 11    funcao -> PUB FN ID LPAREN RPAREN tipo_retorno LBRACE RBRACE
Rule 12    funcao -> FN ID LPAREN RPAREN tipo_retorno LBRACE RBRACE
Rule 13    tipo_retorno -> VOID
Rule 14    tipo_retorno -> I8
Rule 15    tipo_retorno -> U8
Rule 16    tipo_retorno -> I16
Rule 17    tipo_retorno -> U16
Rule 18    tipo_retorno -> I32
Rule 19    tipo_retorno -> U32
Rule 20    tipo_retorno -> I64
Rule 21    tipo_retorno -> U64
Rule 22    tipo_retorno -> I128
Rule 23    tipo_retorno -> U128
Rule 24    params -> ID COLON tipo_retorno
Rule 25    params -> ID COLON tipo_retorno COMMA params
Rule 26    call -> ID LPAREN args RPAREN
Rule 27    call -> ID LPAREN RPAREN
Rule 28    args -> ID
Rule 29    args -> ID COMMA args
Rule 30    args -> STRING COMMA DOT LBRACE args RBRACE
Rule 31    args -> STRING COMMA DOT LBRACE RBRACE
Rule 32    decl -> VAR ID COLON tipo_retorno EQUAL expr SEMICOLON
Rule 33    decl -> CONST ID EQUAL expr SEMICOLON
Rule 34    decl -> CONST ID COLON tipo_retorno EQUAL expr SEMICOLON
Rule 35    decl -> ID EQUAL expr SEMICOLON
Rule 36    decl -> expr SEMICOLON
Rule 37    decl -> ID PLUSEQUAL expr SEMICOLON
Rule 38    decl -> ID PLUSPERCENT expr SEMICOLON
Rule 39    decl -> ID PLUSPERCENTEQUAL expr SEMICOLON
Rule 40    decl -> ID PLUSPIPE expr SEMICOLON
Rule 41    decl -> ID PLUSPIPEEQUAL expr SEMICOLON
Rule 42    decl -> ID MINUSEQUAL expr SEMICOLON
Rule 43    decl -> ID MINUSPERCENT expr SEMICOLON
Rule 44    decl -> ID MINUSPERCENTEQUAL expr SEMICOLON
Rule 45    decl -> ID MINUSPIPE expr SEMICOLON
Rule 46    decl -> ID MINUSPIPEEQUAL expr SEMICOLON
Rule 47    expr -> BUILTINIDENTIFIER LPAREN STRING RPAREN
Rule 48    expr -> BUILTINIDENTIFIER LPAREN expr RPAREN DOT expr
Rule 49    expr -> ID PLUS expr
Rule 50    expr -> ID
Rule 51    expr -> ID DOT expr
Rule 52    expr -> call
Rule 53    expr -> INTEGER
Rule 54    expr -> ID MINUS expr
Rule 55    expr -> ID SLASH expr
Rule 56    expr -> ID ASTERISK expr
Rule 57    expr -> ID RARROW expr
Rule 58    expr -> ID LARROW expr
Rule 59    expr -> ID PERCENT expr
Rule 60    expr -> ID EQUALEQUAL expr
Rule 61    expr -> ID AND expr
Rule 62    expr -> ID OR expr
Rule 63    expr -> TRUE
Rule 64    expr -> FALSE
Rule 65    decl_interna -> BREAK SEMICOLON
Rule 66    decl_interna -> RETURN expr SEMICOLON
Rule 67    decl_interna -> WHILE LPAREN expr RPAREN LBRACE decl_interna RBRACE
Rule 68    decl_interna -> FOR LPAREN INTEGER DOT2 INTEGER RPAREN PIPE ID PIPE LBRACE decl_interna RBRACE
Rule 69    decl_interna -> expr SEMICOLON
Rule 70    decl_interna -> IF LPAREN expr RPAREN LBRACE decl_interna RBRACE
Rule 71    decl_interna -> VAR ID COLON tipo_retorno EQUAL expr SEMICOLON
Rule 72    decl_interna -> CONST ID EQUAL expr SEMICOLON
Rule 73    decl_interna -> CONST ID COLON tipo_retorno EQUAL expr SEMICOLON
Rule 74    decl_interna -> VAR ID COLON tipo_retorno EQUAL expr SEMICOLON decl_interna
Rule 75    decl_interna -> CONST ID EQUAL expr SEMICOLON decl_interna
Rule 76    decl_interna -> CONST ID COLON tipo_retorno EQUAL expr SEMICOLON decl_interna
Rule 77    decl_interna -> ID EQUAL expr SEMICOLON
Rule 78    decl_interna -> ID PLUSEQUAL expr SEMICOLON
Rule 79    decl_interna -> ID PLUSPERCENT expr SEMICOLON
Rule 80    decl_interna -> ID PLUSPERCENTEQUAL expr SEMICOLON
Rule 81    decl_interna -> ID PLUSPIPE expr SEMICOLON
Rule 82    decl_interna -> ID EQUAL expr SEMICOLON decl_interna
Rule 83    decl_interna -> ID PLUSEQUAL expr SEMICOLON decl_interna
Rule 84    decl_interna -> ID PLUSPERCENT expr SEMICOLON decl_interna
Rule 85    decl_interna -> ID PLUSPERCENTEQUAL expr SEMICOLON decl_interna
Rule 86    decl_interna -> ID PLUSPIPE expr SEMICOLON decl_interna
Rule 87    decl_interna -> ID PLUSPIPEEQUAL expr SEMICOLON
Rule 88    decl_interna -> ID MINUSEQUAL expr SEMICOLON
Rule 89    decl_interna -> ID MINUSPERCENT expr SEMICOLON
Rule 90    decl_interna -> ID MINUSPERCENTEQUAL expr SEMICOLON
Rule 91    decl_interna -> ID MINUSPIPE expr SEMICOLON
Rule 92    decl_interna -> ID MINUSPIPEEQUAL expr SEMICOLON
Rule 93    decl_interna -> ID PLUSPIPEEQUAL expr SEMICOLON decl_interna
Rule 94    decl_interna -> ID MINUSEQUAL expr SEMICOLON decl_interna
Rule 95    decl_interna -> ID MINUSPERCENT expr SEMICOLON decl_interna
Rule 96    decl_interna -> ID MINUSPERCENTEQUAL expr SEMICOLON decl_interna
Rule 97    decl_interna -> ID MINUSPIPE expr SEMICOLON decl_interna
Rule 98    decl_interna -> ID MINUSPIPEEQUAL expr SEMICOLON decl_interna
Rule 99    decl_interna -> expr SEMICOLON decl_interna
Rule 100   decl_interna -> BREAK SEMICOLON decl_interna
Rule 101   decl_interna -> RETURN expr SEMICOLON decl_interna
Rule 102   decl_interna -> WHILE LPAREN expr RPAREN LBRACE decl_interna RBRACE decl_interna
Rule 103   decl_interna -> FOR LPAREN INTEGER DOT2 INTEGER RPAREN PIPE ID PIPE LBRACE decl_interna RBRACE decl_interna
Rule 104   decl_interna -> IF LPAREN expr RPAREN LBRACE decl_interna RBRACE decl_interna

Terminals, with rules where they appear

AMPERSAND            : 
AMPERSANDEQUAL       : 
AND                  : 61
ANYTYPE              : 
ASTERISK             : 56
ASTERISKEQUAL        : 
ASTERISKPERCENT      : 
ASTERISKPERCENTEQUAL : 
BREAK                : 65 100
BUILTINIDENTIFIER    : 47 48
CARET                : 
CARETEQUAL           : 
CHAR                 : 
COLON                : 24 25 32 34 71 73 74 76
COMMA                : 25 29 30 31
CONST                : 33 34 72 73 75 76
CONTINUE             : 
DOT                  : 30 31 48 51
DOT2                 : 68 103
DOT3                 : 
DOTASTERISK          : 
DOTQUESTIONMARK      : 
ELSE                 : 
ENUM                 : 
EQUAL                : 32 33 34 35 71 72 73 74 75 76 77 82
EQUALEQUAL           : 60
EQUALRARROW          : 
EXCLAMATIONMARK      : 
EXCLAMATIONMARKEQUAL : 
FALSE                : 64
FN                   : 5 6 7 8 9 10 11 12
FOR                  : 68 103
I128                 : 22
I16                  : 16
I32                  : 18
I64                  : 20
I8                   : 14
ID                   : 5 6 7 8 9 10 11 12 24 25 26 27 28 29 32 33 34 35 37 38 39 40 41 42 43 44 45 46 49 50 51 54 55 56 57 58 59 60 61 62 68 71 72 73 74 75 76 77 78 79 80 81 82 83 84 85 86 87 88 89 90 91 92 93 94 95 96 97 98 103
IF                   : 70 104
INTEGER              : 53 68 68 103 103
LARROW               : 58
LARROW2              : 
LARROW2EQUAL         : 
LARROW2PIPE          : 
LARROW2PIPEEQUAL     : 
LARROWEQUAL          : 
LBRACE               : 5 6 7 8 9 10 11 12 30 31 67 68 70 102 103 104
LBRACKET             : 
LINE_COMMENT         : 
LPAREN               : 5 6 7 8 9 10 11 12 26 27 47 48 67 68 70 102 103 104
MINUS                : 54
MINUSEQUAL           : 42 88 94
MINUSPERCENT         : 43 89 95
MINUSPERCENTEQUAL    : 44 90 96
MINUSPIPE            : 45 91 97
MINUSPIPEEQUAL       : 46 92 98
MINUSRARROW          : 
OR                   : 62
ORELSE               : 
PERCENT              : 59
PERCENTEQUAL         : 
PIPE                 : 68 68 103 103
PIPE2                : 
PIPEEQUAL            : 
PLUS                 : 49
PLUS2                : 
PLUSEQUAL            : 37 78 83
PLUSPERCENT          : 38 79 84
PLUSPERCENTEQUAL     : 39 80 85
PLUSPIPE             : 40 81 86
PLUSPIPEEQUAL        : 41 87 93
PUB                  : 5 6 9 11
QUESTIONMARK         : 
RARROW               : 57
RARROW2              : 
RARROW2EQUAL         : 
RARROWEQUAL          : 
RBRACE               : 5 6 7 8 9 10 11 12 30 31 67 68 70 102 103 104
RBRACKET             : 
RETURN               : 66 101
RPAREN               : 5 6 7 8 9 10 11 12 26 27 47 48 67 68 70 102 103 104
SEMICOLON            : 32 33 34 35 36 37 38 39 40 41 42 43 44 45 46 65 66 69 71 72 73 74 75 76 77 78 79 80 81 82 83 84 85 86 87 88 89 90 91 92 93 94 95 96 97 98 99 100 101
SLASH                : 55
SLASHEQUAL           : 
STRING               : 30 31 47
STRUCT               : 
SWITCH               : 
TILDE                : 
TRUE                 : 63
U128                 : 23
U16                  : 17
U32                  : 19
U64                  : 21
U8                   : 15
UNDEFINED            : 
UNION                : 
VAR                  : 32 71 74
VOID                 : 13
WHILE                : 67 102
error                : 

Nonterminals, with rules where they appear

args                 : 26 29 30
call                 : 52
decl                 : 2 4
decl_interna         : 5 6 7 8 67 68 70 74 75 76 82 83 84 85 86 93 94 95 96 97 98 99 100 101 102 102 103 103 104 104
expr                 : 32 33 34 35 36 37 38 39 40 41 42 43 44 45 46 48 48 49 51 54 55 56 57 58 59 60 61 62 66 67 69 70 71 72 73 74 75 76 77 78 79 80 81 82 83 84 85 86 87 88 89 90 91 92 93 94 95 96 97 98 99 101 102 104
funcao               : 1 3
params               : 5 7 9 10 25
programa             : 3 4 0
tipo_retorno         : 5 6 7 8 9 10 11 12 24 25 32 34 71 73 74 76

Parsing method: LALR

state 0

    (0) S' -> . programa
    (1) programa -> . funcao
    (2) programa -> . decl
    (3) programa -> . funcao programa
    (4) programa -> . decl programa
    (5) funcao -> . PUB FN ID LPAREN params RPAREN tipo_retorno LBRACE decl_interna RBRACE
    (6) funcao -> . PUB FN ID LPAREN RPAREN tipo_retorno LBRACE decl_interna RBRACE
    (7) funcao -> . FN ID LPAREN params RPAREN tipo_retorno LBRACE decl_interna RBRACE
    (8) funcao -> . FN ID LPAREN RPAREN tipo_retorno LBRACE decl_interna RBRACE
    (9) funcao -> . PUB FN ID LPAREN params RPAREN tipo_retorno LBRACE RBRACE
    (10) funcao -> . FN ID LPAREN params RPAREN tipo_retorno LBRACE RBRACE
    (11) funcao -> . PUB FN ID LPAREN RPAREN tipo_retorno LBRACE RBRACE
    (12) funcao -> . FN ID LPAREN RPAREN tipo_retorno LBRACE RBRACE
    (32) decl -> . VAR ID COLON tipo_retorno EQUAL expr SEMICOLON
    (33) decl -> . CONST ID EQUAL expr SEMICOLON
    (34) decl -> . CONST ID COLON tipo_retorno EQUAL expr SEMICOLON
    (35) decl -> . ID EQUAL expr SEMICOLON
    (36) decl -> . expr SEMICOLON
    (37) decl -> . ID PLUSEQUAL expr SEMICOLON
    (38) decl -> . ID PLUSPERCENT expr SEMICOLON
    (39) decl -> . ID PLUSPERCENTEQUAL expr SEMICOLON
    (40) decl -> . ID PLUSPIPE expr SEMICOLON
    (41) decl -> . ID PLUSPIPEEQUAL expr SEMICOLON
    (42) decl -> . ID MINUSEQUAL expr SEMICOLON
    (43) decl -> . ID MINUSPERCENT expr SEMICOLON
    (44) decl -> . ID MINUSPERCENTEQUAL expr SEMICOLON
    (45) decl -> . ID MINUSPIPE expr SEMICOLON
    (46) decl -> . ID MINUSPIPEEQUAL expr SEMICOLON
    (47) expr -> . BUILTINIDENTIFIER LPAREN STRING RPAREN
    (48) expr -> . BUILTINIDENTIFIER LPAREN expr RPAREN DOT expr
    (49) expr -> . ID PLUS expr
    (50) expr -> . ID
    (51) expr -> . ID DOT expr
    (52) expr -> . call
    (53) expr -> . INTEGER
    (54) expr -> . ID MINUS expr
    (55) expr -> . ID SLASH expr
    (56) expr -> . ID ASTERISK expr
    (57) expr -> . ID RARROW expr
    (58) expr -> . ID LARROW expr
    (59) expr -> . ID PERCENT expr
    (60) expr -> . ID EQUALEQUAL expr
    (61) expr -> . ID AND expr
    (62) expr -> . ID OR expr
    (63) expr -> . TRUE
    (64) expr -> . FALSE
    (26) call -> . ID LPAREN args RPAREN
    (27) call -> . ID LPAREN RPAREN

    PUB             shift and go to state 4
    FN              shift and go to state 5
    VAR             shift and go to state 7
    CONST           shift and go to state 9
    ID              shift and go to state 6
    BUILTINIDENTIFIER shift and go to state 10
    INTEGER         shift and go to state 12
    TRUE            shift and go to state 13
    FALSE           shift and go to state 14

    programa                       shift and go to state 1
    funcao                         shift and go to state 2
    decl                           shift and go to state 3
    expr                           shift and go to state 8
    call                           shift and go to state 11

state 1

    (0) S' -> programa .



state 2

    (1) programa -> funcao .
    (3) programa -> funcao . programa
    (1) programa -> . funcao
    (2) programa -> . decl
    (3) programa -> . funcao programa
    (4) programa -> . decl programa
    (5) funcao -> . PUB FN ID LPAREN params RPAREN tipo_retorno LBRACE decl_interna RBRACE
    (6) funcao -> . PUB FN ID LPAREN RPAREN tipo_retorno LBRACE decl_interna RBRACE
    (7) funcao -> . FN ID LPAREN params RPAREN tipo_retorno LBRACE decl_interna RBRACE
    (8) funcao -> . FN ID LPAREN RPAREN tipo_retorno LBRACE decl_interna RBRACE
    (9) funcao -> . PUB FN ID LPAREN params RPAREN tipo_retorno LBRACE RBRACE
    (10) funcao -> . FN ID LPAREN params RPAREN tipo_retorno LBRACE RBRACE
    (11) funcao -> . PUB FN ID LPAREN RPAREN tipo_retorno LBRACE RBRACE
    (12) funcao -> . FN ID LPAREN RPAREN tipo_retorno LBRACE RBRACE
    (32) decl -> . VAR ID COLON tipo_retorno EQUAL expr SEMICOLON
    (33) decl -> . CONST ID EQUAL expr SEMICOLON
    (34) decl -> . CONST ID COLON tipo_retorno EQUAL expr SEMICOLON
    (35) decl -> . ID EQUAL expr SEMICOLON
    (36) decl -> . expr SEMICOLON
    (37) decl -> . ID PLUSEQUAL expr SEMICOLON
    (38) decl -> . ID PLUSPERCENT expr SEMICOLON
    (39) decl -> . ID PLUSPERCENTEQUAL expr SEMICOLON
    (40) decl -> . ID PLUSPIPE expr SEMICOLON
    (41) decl -> . ID PLUSPIPEEQUAL expr SEMICOLON
    (42) decl -> . ID MINUSEQUAL expr SEMICOLON
    (43) decl -> . ID MINUSPERCENT expr SEMICOLON
    (44) decl -> . ID MINUSPERCENTEQUAL expr SEMICOLON
    (45) decl -> . ID MINUSPIPE expr SEMICOLON
    (46) decl -> . ID MINUSPIPEEQUAL expr SEMICOLON
    (47) expr -> . BUILTINIDENTIFIER LPAREN STRING RPAREN
    (48) expr -> . BUILTINIDENTIFIER LPAREN expr RPAREN DOT expr
    (49) expr -> . ID PLUS expr
    (50) expr -> . ID
    (51) expr -> . ID DOT expr
    (52) expr -> . call
    (53) expr -> . INTEGER
    (54) expr -> . ID MINUS expr
    (55) expr -> . ID SLASH expr
    (56) expr -> . ID ASTERISK expr
    (57) expr -> . ID RARROW expr
    (58) expr -> . ID LARROW expr
    (59) expr -> . ID PERCENT expr
    (60) expr -> . ID EQUALEQUAL expr
    (61) expr -> . ID AND expr
    (62) expr -> . ID OR expr
    (63) expr -> . TRUE
    (64) expr -> . FALSE
    (26) call -> . ID LPAREN args RPAREN
    (27) call -> . ID LPAREN RPAREN

    $end            reduce using rule 1 (programa -> funcao .)
    PUB             shift and go to state 4
    FN              shift and go to state 5
    VAR             shift and go to state 7
    CONST           shift and go to state 9
    ID              shift and go to state 6
    BUILTINIDENTIFIER shift and go to state 10
    INTEGER         shift and go to state 12
    TRUE            shift and go to state 13
    FALSE           shift and go to state 14

    funcao                         shift and go to state 2
    programa                       shift and go to state 15
    decl                           shift and go to state 3
    expr                           shift and go to state 8
    call                           shift and go to state 11

state 3

    (2) programa -> decl .
    (4) programa -> decl . programa
    (1) programa -> . funcao
    (2) programa -> . decl
    (3) programa -> . funcao programa
    (4) programa -> . decl programa
    (5) funcao -> . PUB FN ID LPAREN params RPAREN tipo_retorno LBRACE decl_interna RBRACE
    (6) funcao -> . PUB FN ID LPAREN RPAREN tipo_retorno LBRACE decl_interna RBRACE
    (7) funcao -> . FN ID LPAREN params RPAREN tipo_retorno LBRACE decl_interna RBRACE
    (8) funcao -> . FN ID LPAREN RPAREN tipo_retorno LBRACE decl_interna RBRACE
    (9) funcao -> . PUB FN ID LPAREN params RPAREN tipo_retorno LBRACE RBRACE
    (10) funcao -> . FN ID LPAREN params RPAREN tipo_retorno LBRACE RBRACE
    (11) funcao -> . PUB FN ID LPAREN RPAREN tipo_retorno LBRACE RBRACE
    (12) funcao -> . FN ID LPAREN RPAREN tipo_retorno LBRACE RBRACE
    (32) decl -> . VAR ID COLON tipo_retorno EQUAL expr SEMICOLON
    (33) decl -> . CONST ID EQUAL expr SEMICOLON
    (34) decl -> . CONST ID COLON tipo_retorno EQUAL expr SEMICOLON
    (35) decl -> . ID EQUAL expr SEMICOLON
    (36) decl -> . expr SEMICOLON
    (37) decl -> . ID PLUSEQUAL expr SEMICOLON
    (38) decl -> . ID PLUSPERCENT expr SEMICOLON
    (39) decl -> . ID PLUSPERCENTEQUAL expr SEMICOLON
    (40) decl -> . ID PLUSPIPE expr SEMICOLON
    (41) decl -> . ID PLUSPIPEEQUAL expr SEMICOLON
    (42) decl -> . ID MINUSEQUAL expr SEMICOLON
    (43) decl -> . ID MINUSPERCENT expr SEMICOLON
    (44) decl -> . ID MINUSPERCENTEQUAL expr SEMICOLON
    (45) decl -> . ID MINUSPIPE expr SEMICOLON
    (46) decl -> . ID MINUSPIPEEQUAL expr SEMICOLON
    (47) expr -> . BUILTINIDENTIFIER LPAREN STRING RPAREN
    (48) expr -> . BUILTINIDENTIFIER LPAREN expr RPAREN DOT expr
    (49) expr -> . ID PLUS expr
    (50) expr -> . ID
    (51) expr -> . ID DOT expr
    (52) expr -> . call
    (53) expr -> . INTEGER
    (54) expr -> . ID MINUS expr
    (55) expr -> . ID SLASH expr
    (56) expr -> . ID ASTERISK expr
    (57) expr -> . ID RARROW expr
    (58) expr -> . ID LARROW expr
    (59) expr -> . ID PERCENT expr
    (60) expr -> . ID EQUALEQUAL expr
    (61) expr -> . ID AND expr
    (62) expr -> . ID OR expr
    (63) expr -> . TRUE
    (64) expr -> . FALSE
    (26) call -> . ID LPAREN args RPAREN
    (27) call -> . ID LPAREN RPAREN

    $end            reduce using rule 2 (programa -> decl .)
    PUB             shift and go to state 4
    FN              shift and go to state 5
    VAR             shift and go to state 7
    CONST           shift and go to state 9
    ID              shift and go to state 6
    BUILTINIDENTIFIER shift and go to state 10
    INTEGER         shift and go to state 12
    TRUE            shift and go to state 13
    FALSE           shift and go to state 14

    decl                           shift and go to state 3
    programa                       shift and go to state 16
    funcao                         shift and go to state 2
    expr                           shift and go to state 8
    call                           shift and go to state 11

state 4

    (5) funcao -> PUB . FN ID LPAREN params RPAREN tipo_retorno LBRACE decl_interna RBRACE
    (6) funcao -> PUB . FN ID LPAREN RPAREN tipo_retorno LBRACE decl_interna RBRACE
    (9) funcao -> PUB . FN ID LPAREN params RPAREN tipo_retorno LBRACE RBRACE
    (11) funcao -> PUB . FN ID LPAREN RPAREN tipo_retorno LBRACE RBRACE

    FN              shift and go to state 17


state 5

    (7) funcao -> FN . ID LPAREN params RPAREN tipo_retorno LBRACE decl_interna RBRACE
    (8) funcao -> FN . ID LPAREN RPAREN tipo_retorno LBRACE decl_interna RBRACE
    (10) funcao -> FN . ID LPAREN params RPAREN tipo_retorno LBRACE RBRACE
    (12) funcao -> FN . ID LPAREN RPAREN tipo_retorno LBRACE RBRACE

    ID              shift and go to state 18


state 6

    (35) decl -> ID . EQUAL expr SEMICOLON
    (37) decl -> ID . PLUSEQUAL expr SEMICOLON
    (38) decl -> ID . PLUSPERCENT expr SEMICOLON
    (39) decl -> ID . PLUSPERCENTEQUAL expr SEMICOLON
    (40) decl -> ID . PLUSPIPE expr SEMICOLON
    (41) decl -> ID . PLUSPIPEEQUAL expr SEMICOLON
    (42) decl -> ID . MINUSEQUAL expr SEMICOLON
    (43) decl -> ID . MINUSPERCENT expr SEMICOLON
    (44) decl -> ID . MINUSPERCENTEQUAL expr SEMICOLON
    (45) decl -> ID . MINUSPIPE expr SEMICOLON
    (46) decl -> ID . MINUSPIPEEQUAL expr SEMICOLON
    (49) expr -> ID . PLUS expr
    (50) expr -> ID .
    (51) expr -> ID . DOT expr
    (54) expr -> ID . MINUS expr
    (55) expr -> ID . SLASH expr
    (56) expr -> ID . ASTERISK expr
    (57) expr -> ID . RARROW expr
    (58) expr -> ID . LARROW expr
    (59) expr -> ID . PERCENT expr
    (60) expr -> ID . EQUALEQUAL expr
    (61) expr -> ID . AND expr
    (62) expr -> ID . OR expr
    (26) call -> ID . LPAREN args RPAREN
    (27) call -> ID . LPAREN RPAREN

    EQUAL           shift and go to state 19
    PLUSEQUAL       shift and go to state 20
    PLUSPERCENT     shift and go to state 21
    PLUSPERCENTEQUAL shift and go to state 22
    PLUSPIPE        shift and go to state 23
    PLUSPIPEEQUAL   shift and go to state 24
    MINUSEQUAL      shift and go to state 25
    MINUSPERCENT    shift and go to state 26
    MINUSPERCENTEQUAL shift and go to state 27
    MINUSPIPE       shift and go to state 28
    MINUSPIPEEQUAL  shift and go to state 29
    PLUS            shift and go to state 30
    SEMICOLON       reduce using rule 50 (expr -> ID .)
    DOT             shift and go to state 31
    MINUS           shift and go to state 32
    SLASH           shift and go to state 33
    ASTERISK        shift and go to state 34
    RARROW          shift and go to state 35
    LARROW          shift and go to state 36
    PERCENT         shift and go to state 37
    EQUALEQUAL      shift and go to state 38
    AND             shift and go to state 39
    OR              shift and go to state 40
    LPAREN          shift and go to state 41


state 7

    (32) decl -> VAR . ID COLON tipo_retorno EQUAL expr SEMICOLON

    ID              shift and go to state 42


state 8

    (36) decl -> expr . SEMICOLON

    SEMICOLON       shift and go to state 43


state 9

    (33) decl -> CONST . ID EQUAL expr SEMICOLON
    (34) decl -> CONST . ID COLON tipo_retorno EQUAL expr SEMICOLON

    ID              shift and go to state 44


state 10

    (47) expr -> BUILTINIDENTIFIER . LPAREN STRING RPAREN
    (48) expr -> BUILTINIDENTIFIER . LPAREN expr RPAREN DOT expr

    LPAREN          shift and go to state 45


state 11

    (52) expr -> call .

    SEMICOLON       reduce using rule 52 (expr -> call .)
    RPAREN          reduce using rule 52 (expr -> call .)


state 12

    (53) expr -> INTEGER .

    SEMICOLON       reduce using rule 53 (expr -> INTEGER .)
    RPAREN          reduce using rule 53 (expr -> INTEGER .)


state 13

    (63) expr -> TRUE .

    SEMICOLON       reduce using rule 63 (expr -> TRUE .)
    RPAREN          reduce using rule 63 (expr -> TRUE .)


state 14

    (64) expr -> FALSE .

    SEMICOLON       reduce using rule 64 (expr -> FALSE .)
    RPAREN          reduce using rule 64 (expr -> FALSE .)


state 15

    (3) programa -> funcao programa .

    $end            reduce using rule 3 (programa -> funcao programa .)


state 16

    (4) programa -> decl programa .

    $end            reduce using rule 4 (programa -> decl programa .)


state 17

    (5) funcao -> PUB FN . ID LPAREN params RPAREN tipo_retorno LBRACE decl_interna RBRACE
    (6) funcao -> PUB FN . ID LPAREN RPAREN tipo_retorno LBRACE decl_interna RBRACE
    (9) funcao -> PUB FN . ID LPAREN params RPAREN tipo_retorno LBRACE RBRACE
    (11) funcao -> PUB FN . ID LPAREN RPAREN tipo_retorno LBRACE RBRACE

    ID              shift and go to state 46


state 18

    (7) funcao -> FN ID . LPAREN params RPAREN tipo_retorno LBRACE decl_interna RBRACE
    (8) funcao -> FN ID . LPAREN RPAREN tipo_retorno LBRACE decl_interna RBRACE
    (10) funcao -> FN ID . LPAREN params RPAREN tipo_retorno LBRACE RBRACE
    (12) funcao -> FN ID . LPAREN RPAREN tipo_retorno LBRACE RBRACE

    LPAREN          shift and go to state 47


state 19

    (35) decl -> ID EQUAL . expr SEMICOLON
    (47) expr -> . BUILTINIDENTIFIER LPAREN STRING RPAREN
    (48) expr -> . BUILTINIDENTIFIER LPAREN expr RPAREN DOT expr
    (49) expr -> . ID PLUS expr
    (50) expr -> . ID
    (51) expr -> . ID DOT expr
    (52) expr -> . call
    (53) expr -> . INTEGER
    (54) expr -> . ID MINUS expr
    (55) expr -> . ID SLASH expr
    (56) expr -> . ID ASTERISK expr
    (57) expr -> . ID RARROW expr
    (58) expr -> . ID LARROW expr
    (59) expr -> . ID PERCENT expr
    (60) expr -> . ID EQUALEQUAL expr
    (61) expr -> . ID AND expr
    (62) expr -> . ID OR expr
    (63) expr -> . TRUE
    (64) expr -> . FALSE
    (26) call -> . ID LPAREN args RPAREN
    (27) call -> . ID LPAREN RPAREN

    BUILTINIDENTIFIER shift and go to state 10
    ID              shift and go to state 48
    INTEGER         shift and go to state 12
    TRUE            shift and go to state 13
    FALSE           shift and go to state 14

    expr                           shift and go to state 49
    call                           shift and go to state 11

state 20

    (37) decl -> ID PLUSEQUAL . expr SEMICOLON
    (47) expr -> . BUILTINIDENTIFIER LPAREN STRING RPAREN
    (48) expr -> . BUILTINIDENTIFIER LPAREN expr RPAREN DOT expr
    (49) expr -> . ID PLUS expr
    (50) expr -> . ID
    (51) expr -> . ID DOT expr
    (52) expr -> . call
    (53) expr -> . INTEGER
    (54) expr -> . ID MINUS expr
    (55) expr -> . ID SLASH expr
    (56) expr -> . ID ASTERISK expr
    (57) expr -> . ID RARROW expr
    (58) expr -> . ID LARROW expr
    (59) expr -> . ID PERCENT expr
    (60) expr -> . ID EQUALEQUAL expr
    (61) expr -> . ID AND expr
    (62) expr -> . ID OR expr
    (63) expr -> . TRUE
    (64) expr -> . FALSE
    (26) call -> . ID LPAREN args RPAREN
    (27) call -> . ID LPAREN RPAREN

    BUILTINIDENTIFIER shift and go to state 10
    ID              shift and go to state 48
    INTEGER         shift and go to state 12
    TRUE            shift and go to state 13
    FALSE           shift and go to state 14

    expr                           shift and go to state 50
    call                           shift and go to state 11

state 21

    (38) decl -> ID PLUSPERCENT . expr SEMICOLON
    (47) expr -> . BUILTINIDENTIFIER LPAREN STRING RPAREN
    (48) expr -> . BUILTINIDENTIFIER LPAREN expr RPAREN DOT expr
    (49) expr -> . ID PLUS expr
    (50) expr -> . ID
    (51) expr -> . ID DOT expr
    (52) expr -> . call
    (53) expr -> . INTEGER
    (54) expr -> . ID MINUS expr
    (55) expr -> . ID SLASH expr
    (56) expr -> . ID ASTERISK expr
    (57) expr -> . ID RARROW expr
    (58) expr -> . ID LARROW expr
    (59) expr -> . ID PERCENT expr
    (60) expr -> . ID EQUALEQUAL expr
    (61) expr -> . ID AND expr
    (62) expr -> . ID OR expr
    (63) expr -> . TRUE
    (64) expr -> . FALSE
    (26) call -> . ID LPAREN args RPAREN
    (27) call -> . ID LPAREN RPAREN

    BUILTINIDENTIFIER shift and go to state 10
    ID              shift and go to state 48
    INTEGER         shift and go to state 12
    TRUE            shift and go to state 13
    FALSE           shift and go to state 14

    expr                           shift and go to state 51
    call                           shift and go to state 11

state 22

    (39) decl -> ID PLUSPERCENTEQUAL . expr SEMICOLON
    (47) expr -> . BUILTINIDENTIFIER LPAREN STRING RPAREN
    (48) expr -> . BUILTINIDENTIFIER LPAREN expr RPAREN DOT expr
    (49) expr -> . ID PLUS expr
    (50) expr -> . ID
    (51) expr -> . ID DOT expr
    (52) expr -> . call
    (53) expr -> . INTEGER
    (54) expr -> . ID MINUS expr
    (55) expr -> . ID SLASH expr
    (56) expr -> . ID ASTERISK expr
    (57) expr -> . ID RARROW expr
    (58) expr -> . ID LARROW expr
    (59) expr -> . ID PERCENT expr
    (60) expr -> . ID EQUALEQUAL expr
    (61) expr -> . ID AND expr
    (62) expr -> . ID OR expr
    (63) expr -> . TRUE
    (64) expr -> . FALSE
    (26) call -> . ID LPAREN args RPAREN
    (27) call -> . ID LPAREN RPAREN

    BUILTINIDENTIFIER shift and go to state 10
    ID              shift and go to state 48
    INTEGER         shift and go to state 12
    TRUE            shift and go to state 13
    FALSE           shift and go to state 14

    expr                           shift and go to state 52
    call                           shift and go to state 11

state 23

    (40) decl -> ID PLUSPIPE . expr SEMICOLON
    (47) expr -> . BUILTINIDENTIFIER LPAREN STRING RPAREN
    (48) expr -> . BUILTINIDENTIFIER LPAREN expr RPAREN DOT expr
    (49) expr -> . ID PLUS expr
    (50) expr -> . ID
    (51) expr -> . ID DOT expr
    (52) expr -> . call
    (53) expr -> . INTEGER
    (54) expr -> . ID MINUS expr
    (55) expr -> . ID SLASH expr
    (56) expr -> . ID ASTERISK expr
    (57) expr -> . ID RARROW expr
    (58) expr -> . ID LARROW expr
    (59) expr -> . ID PERCENT expr
    (60) expr -> . ID EQUALEQUAL expr
    (61) expr -> . ID AND expr
    (62) expr -> . ID OR expr
    (63) expr -> . TRUE
    (64) expr -> . FALSE
    (26) call -> . ID LPAREN args RPAREN
    (27) call -> . ID LPAREN RPAREN

    BUILTINIDENTIFIER shift and go to state 10
    ID              shift and go to state 48
    INTEGER         shift and go to state 12
    TRUE            shift and go to state 13
    FALSE           shift and go to state 14

    expr                           shift and go to state 53
    call                           shift and go to state 11

state 24

    (41) decl -> ID PLUSPIPEEQUAL . expr SEMICOLON
    (47) expr -> . BUILTINIDENTIFIER LPAREN STRING RPAREN
    (48) expr -> . BUILTINIDENTIFIER LPAREN expr RPAREN DOT expr
    (49) expr -> . ID PLUS expr
    (50) expr -> . ID
    (51) expr -> . ID DOT expr
    (52) expr -> . call
    (53) expr -> . INTEGER
    (54) expr -> . ID MINUS expr
    (55) expr -> . ID SLASH expr
    (56) expr -> . ID ASTERISK expr
    (57) expr -> . ID RARROW expr
    (58) expr -> . ID LARROW expr
    (59) expr -> . ID PERCENT expr
    (60) expr -> . ID EQUALEQUAL expr
    (61) expr -> . ID AND expr
    (62) expr -> . ID OR expr
    (63) expr -> . TRUE
    (64) expr -> . FALSE
    (26) call -> . ID LPAREN args RPAREN
    (27) call -> . ID LPAREN RPAREN

    BUILTINIDENTIFIER shift and go to state 10
    ID              shift and go to state 48
    INTEGER         shift and go to state 12
    TRUE            shift and go to state 13
    FALSE           shift and go to state 14

    expr                           shift and go to state 54
    call                           shift and go to state 11

state 25

    (42) decl -> ID MINUSEQUAL . expr SEMICOLON
    (47) expr -> . BUILTINIDENTIFIER LPAREN STRING RPAREN
    (48) expr -> . BUILTINIDENTIFIER LPAREN expr RPAREN DOT expr
    (49) expr -> . ID PLUS expr
    (50) expr -> . ID
    (51) expr -> . ID DOT expr
    (52) expr -> . call
    (53) expr -> . INTEGER
    (54) expr -> . ID MINUS expr
    (55) expr -> . ID SLASH expr
    (56) expr -> . ID ASTERISK expr
    (57) expr -> . ID RARROW expr
    (58) expr -> . ID LARROW expr
    (59) expr -> . ID PERCENT expr
    (60) expr -> . ID EQUALEQUAL expr
    (61) expr -> . ID AND expr
    (62) expr -> . ID OR expr
    (63) expr -> . TRUE
    (64) expr -> . FALSE
    (26) call -> . ID LPAREN args RPAREN
    (27) call -> . ID LPAREN RPAREN

    BUILTINIDENTIFIER shift and go to state 10
    ID              shift and go to state 48
    INTEGER         shift and go to state 12
    TRUE            shift and go to state 13
    FALSE           shift and go to state 14

    expr                           shift and go to state 55
    call                           shift and go to state 11

state 26

    (43) decl -> ID MINUSPERCENT . expr SEMICOLON
    (47) expr -> . BUILTINIDENTIFIER LPAREN STRING RPAREN
    (48) expr -> . BUILTINIDENTIFIER LPAREN expr RPAREN DOT expr
    (49) expr -> . ID PLUS expr
    (50) expr -> . ID
    (51) expr -> . ID DOT expr
    (52) expr -> . call
    (53) expr -> . INTEGER
    (54) expr -> . ID MINUS expr
    (55) expr -> . ID SLASH expr
    (56) expr -> . ID ASTERISK expr
    (57) expr -> . ID RARROW expr
    (58) expr -> . ID LARROW expr
    (59) expr -> . ID PERCENT expr
    (60) expr -> . ID EQUALEQUAL expr
    (61) expr -> . ID AND expr
    (62) expr -> . ID OR expr
    (63) expr -> . TRUE
    (64) expr -> . FALSE
    (26) call -> . ID LPAREN args RPAREN
    (27) call -> . ID LPAREN RPAREN

    BUILTINIDENTIFIER shift and go to state 10
    ID              shift and go to state 48
    INTEGER         shift and go to state 12
    TRUE            shift and go to state 13
    FALSE           shift and go to state 14

    expr                           shift and go to state 56
    call                           shift and go to state 11

state 27

    (44) decl -> ID MINUSPERCENTEQUAL . expr SEMICOLON
    (47) expr -> . BUILTINIDENTIFIER LPAREN STRING RPAREN
    (48) expr -> . BUILTINIDENTIFIER LPAREN expr RPAREN DOT expr
    (49) expr -> . ID PLUS expr
    (50) expr -> . ID
    (51) expr -> . ID DOT expr
    (52) expr -> . call
    (53) expr -> . INTEGER
    (54) expr -> . ID MINUS expr
    (55) expr -> . ID SLASH expr
    (56) expr -> . ID ASTERISK expr
    (57) expr -> . ID RARROW expr
    (58) expr -> . ID LARROW expr
    (59) expr -> . ID PERCENT expr
    (60) expr -> . ID EQUALEQUAL expr
    (61) expr -> . ID AND expr
    (62) expr -> . ID OR expr
    (63) expr -> . TRUE
    (64) expr -> . FALSE
    (26) call -> . ID LPAREN args RPAREN
    (27) call -> . ID LPAREN RPAREN

    BUILTINIDENTIFIER shift and go to state 10
    ID              shift and go to state 48
    INTEGER         shift and go to state 12
    TRUE            shift and go to state 13
    FALSE           shift and go to state 14

    expr                           shift and go to state 57
    call                           shift and go to state 11

state 28

    (45) decl -> ID MINUSPIPE . expr SEMICOLON
    (47) expr -> . BUILTINIDENTIFIER LPAREN STRING RPAREN
    (48) expr -> . BUILTINIDENTIFIER LPAREN expr RPAREN DOT expr
    (49) expr -> . ID PLUS expr
    (50) expr -> . ID
    (51) expr -> . ID DOT expr
    (52) expr -> . call
    (53) expr -> . INTEGER
    (54) expr -> . ID MINUS expr
    (55) expr -> . ID SLASH expr
    (56) expr -> . ID ASTERISK expr
    (57) expr -> . ID RARROW expr
    (58) expr -> . ID LARROW expr
    (59) expr -> . ID PERCENT expr
    (60) expr -> . ID EQUALEQUAL expr
    (61) expr -> . ID AND expr
    (62) expr -> . ID OR expr
    (63) expr -> . TRUE
    (64) expr -> . FALSE
    (26) call -> . ID LPAREN args RPAREN
    (27) call -> . ID LPAREN RPAREN

    BUILTINIDENTIFIER shift and go to state 10
    ID              shift and go to state 48
    INTEGER         shift and go to state 12
    TRUE            shift and go to state 13
    FALSE           shift and go to state 14

    expr                           shift and go to state 58
    call                           shift and go to state 11

state 29

    (46) decl -> ID MINUSPIPEEQUAL . expr SEMICOLON
    (47) expr -> . BUILTINIDENTIFIER LPAREN STRING RPAREN
    (48) expr -> . BUILTINIDENTIFIER LPAREN expr RPAREN DOT expr
    (49) expr -> . ID PLUS expr
    (50) expr -> . ID
    (51) expr -> . ID DOT expr
    (52) expr -> . call
    (53) expr -> . INTEGER
    (54) expr -> . ID MINUS expr
    (55) expr -> . ID SLASH expr
    (56) expr -> . ID ASTERISK expr
    (57) expr -> . ID RARROW expr
    (58) expr -> . ID LARROW expr
    (59) expr -> . ID PERCENT expr
    (60) expr -> . ID EQUALEQUAL expr
    (61) expr -> . ID AND expr
    (62) expr -> . ID OR expr
    (63) expr -> . TRUE
    (64) expr -> . FALSE
    (26) call -> . ID LPAREN args RPAREN
    (27) call -> . ID LPAREN RPAREN

    BUILTINIDENTIFIER shift and go to state 10
    ID              shift and go to state 48
    INTEGER         shift and go to state 12
    TRUE            shift and go to state 13
    FALSE           shift and go to state 14

    expr                           shift and go to state 59
    call                           shift and go to state 11

state 30

    (49) expr -> ID PLUS . expr
    (47) expr -> . BUILTINIDENTIFIER LPAREN STRING RPAREN
    (48) expr -> . BUILTINIDENTIFIER LPAREN expr RPAREN DOT expr
    (49) expr -> . ID PLUS expr
    (50) expr -> . ID
    (51) expr -> . ID DOT expr
    (52) expr -> . call
    (53) expr -> . INTEGER
    (54) expr -> . ID MINUS expr
    (55) expr -> . ID SLASH expr
    (56) expr -> . ID ASTERISK expr
    (57) expr -> . ID RARROW expr
    (58) expr -> . ID LARROW expr
    (59) expr -> . ID PERCENT expr
    (60) expr -> . ID EQUALEQUAL expr
    (61) expr -> . ID AND expr
    (62) expr -> . ID OR expr
    (63) expr -> . TRUE
    (64) expr -> . FALSE
    (26) call -> . ID LPAREN args RPAREN
    (27) call -> . ID LPAREN RPAREN

    BUILTINIDENTIFIER shift and go to state 10
    ID              shift and go to state 48
    INTEGER         shift and go to state 12
    TRUE            shift and go to state 13
    FALSE           shift and go to state 14

    expr                           shift and go to state 60
    call                           shift and go to state 11

state 31

    (51) expr -> ID DOT . expr
    (47) expr -> . BUILTINIDENTIFIER LPAREN STRING RPAREN
    (48) expr -> . BUILTINIDENTIFIER LPAREN expr RPAREN DOT expr
    (49) expr -> . ID PLUS expr
    (50) expr -> . ID
    (51) expr -> . ID DOT expr
    (52) expr -> . call
    (53) expr -> . INTEGER
    (54) expr -> . ID MINUS expr
    (55) expr -> . ID SLASH expr
    (56) expr -> . ID ASTERISK expr
    (57) expr -> . ID RARROW expr
    (58) expr -> . ID LARROW expr
    (59) expr -> . ID PERCENT expr
    (60) expr -> . ID EQUALEQUAL expr
    (61) expr -> . ID AND expr
    (62) expr -> . ID OR expr
    (63) expr -> . TRUE
    (64) expr -> . FALSE
    (26) call -> . ID LPAREN args RPAREN
    (27) call -> . ID LPAREN RPAREN

    BUILTINIDENTIFIER shift and go to state 10
    ID              shift and go to state 48
    INTEGER         shift and go to state 12
    TRUE            shift and go to state 13
    FALSE           shift and go to state 14

    expr                           shift and go to state 61
    call                           shift and go to state 11

state 32

    (54) expr -> ID MINUS . expr
    (47) expr -> . BUILTINIDENTIFIER LPAREN STRING RPAREN
    (48) expr -> . BUILTINIDENTIFIER LPAREN expr RPAREN DOT expr
    (49) expr -> . ID PLUS expr
    (50) expr -> . ID
    (51) expr -> . ID DOT expr
    (52) expr -> . call
    (53) expr -> . INTEGER
    (54) expr -> . ID MINUS expr
    (55) expr -> . ID SLASH expr
    (56) expr -> . ID ASTERISK expr
    (57) expr -> . ID RARROW expr
    (58) expr -> . ID LARROW expr
    (59) expr -> . ID PERCENT expr
    (60) expr -> . ID EQUALEQUAL expr
    (61) expr -> . ID AND expr
    (62) expr -> . ID OR expr
    (63) expr -> . TRUE
    (64) expr -> . FALSE
    (26) call -> . ID LPAREN args RPAREN
    (27) call -> . ID LPAREN RPAREN

    BUILTINIDENTIFIER shift and go to state 10
    ID              shift and go to state 48
    INTEGER         shift and go to state 12
    TRUE            shift and go to state 13
    FALSE           shift and go to state 14

    expr                           shift and go to state 62
    call                           shift and go to state 11

state 33

    (55) expr -> ID SLASH . expr
    (47) expr -> . BUILTINIDENTIFIER LPAREN STRING RPAREN
    (48) expr -> . BUILTINIDENTIFIER LPAREN expr RPAREN DOT expr
    (49) expr -> . ID PLUS expr
    (50) expr -> . ID
    (51) expr -> . ID DOT expr
    (52) expr -> . call
    (53) expr -> . INTEGER
    (54) expr -> . ID MINUS expr
    (55) expr -> . ID SLASH expr
    (56) expr -> . ID ASTERISK expr
    (57) expr -> . ID RARROW expr
    (58) expr -> . ID LARROW expr
    (59) expr -> . ID PERCENT expr
    (60) expr -> . ID EQUALEQUAL expr
    (61) expr -> . ID AND expr
    (62) expr -> . ID OR expr
    (63) expr -> . TRUE
    (64) expr -> . FALSE
    (26) call -> . ID LPAREN args RPAREN
    (27) call -> . ID LPAREN RPAREN

    BUILTINIDENTIFIER shift and go to state 10
    ID              shift and go to state 48
    INTEGER         shift and go to state 12
    TRUE            shift and go to state 13
    FALSE           shift and go to state 14

    expr                           shift and go to state 63
    call                           shift and go to state 11

state 34

    (56) expr -> ID ASTERISK . expr
    (47) expr -> . BUILTINIDENTIFIER LPAREN STRING RPAREN
    (48) expr -> . BUILTINIDENTIFIER LPAREN expr RPAREN DOT expr
    (49) expr -> . ID PLUS expr
    (50) expr -> . ID
    (51) expr -> . ID DOT expr
    (52) expr -> . call
    (53) expr -> . INTEGER
    (54) expr -> . ID MINUS expr
    (55) expr -> . ID SLASH expr
    (56) expr -> . ID ASTERISK expr
    (57) expr -> . ID RARROW expr
    (58) expr -> . ID LARROW expr
    (59) expr -> . ID PERCENT expr
    (60) expr -> . ID EQUALEQUAL expr
    (61) expr -> . ID AND expr
    (62) expr -> . ID OR expr
    (63) expr -> . TRUE
    (64) expr -> . FALSE
    (26) call -> . ID LPAREN args RPAREN
    (27) call -> . ID LPAREN RPAREN

    BUILTINIDENTIFIER shift and go to state 10
    ID              shift and go to state 48
    INTEGER         shift and go to state 12
    TRUE            shift and go to state 13
    FALSE           shift and go to state 14

    expr                           shift and go to state 64
    call                           shift and go to state 11

state 35

    (57) expr -> ID RARROW . expr
    (47) expr -> . BUILTINIDENTIFIER LPAREN STRING RPAREN
    (48) expr -> . BUILTINIDENTIFIER LPAREN expr RPAREN DOT expr
    (49) expr -> . ID PLUS expr
    (50) expr -> . ID
    (51) expr -> . ID DOT expr
    (52) expr -> . call
    (53) expr -> . INTEGER
    (54) expr -> . ID MINUS expr
    (55) expr -> . ID SLASH expr
    (56) expr -> . ID ASTERISK expr
    (57) expr -> . ID RARROW expr
    (58) expr -> . ID LARROW expr
    (59) expr -> . ID PERCENT expr
    (60) expr -> . ID EQUALEQUAL expr
    (61) expr -> . ID AND expr
    (62) expr -> . ID OR expr
    (63) expr -> . TRUE
    (64) expr -> . FALSE
    (26) call -> . ID LPAREN args RPAREN
    (27) call -> . ID LPAREN RPAREN

    BUILTINIDENTIFIER shift and go to state 10
    ID              shift and go to state 48
    INTEGER         shift and go to state 12
    TRUE            shift and go to state 13
    FALSE           shift and go to state 14

    expr                           shift and go to state 65
    call                           shift and go to state 11

state 36

    (58) expr -> ID LARROW . expr
    (47) expr -> . BUILTINIDENTIFIER LPAREN STRING RPAREN
    (48) expr -> . BUILTINIDENTIFIER LPAREN expr RPAREN DOT expr
    (49) expr -> . ID PLUS expr
    (50) expr -> . ID
    (51) expr -> . ID DOT expr
    (52) expr -> . call
    (53) expr -> . INTEGER
    (54) expr -> . ID MINUS expr
    (55) expr -> . ID SLASH expr
    (56) expr -> . ID ASTERISK expr
    (57) expr -> . ID RARROW expr
    (58) expr -> . ID LARROW expr
    (59) expr -> . ID PERCENT expr
    (60) expr -> . ID EQUALEQUAL expr
    (61) expr -> . ID AND expr
    (62) expr -> . ID OR expr
    (63) expr -> . TRUE
    (64) expr -> . FALSE
    (26) call -> . ID LPAREN args RPAREN
    (27) call -> . ID LPAREN RPAREN

    BUILTINIDENTIFIER shift and go to state 10
    ID              shift and go to state 48
    INTEGER         shift and go to state 12
    TRUE            shift and go to state 13
    FALSE           shift and go to state 14

    expr                           shift and go to state 66
    call                           shift and go to state 11

state 37

    (59) expr -> ID PERCENT . expr
    (47) expr -> . BUILTINIDENTIFIER LPAREN STRING RPAREN
    (48) expr -> . BUILTINIDENTIFIER LPAREN expr RPAREN DOT expr
    (49) expr -> . ID PLUS expr
    (50) expr -> . ID
    (51) expr -> . ID DOT expr
    (52) expr -> . call
    (53) expr -> . INTEGER
    (54) expr -> . ID MINUS expr
    (55) expr -> . ID SLASH expr
    (56) expr -> . ID ASTERISK expr
    (57) expr -> . ID RARROW expr
    (58) expr -> . ID LARROW expr
    (59) expr -> . ID PERCENT expr
    (60) expr -> . ID EQUALEQUAL expr
    (61) expr -> . ID AND expr
    (62) expr -> . ID OR expr
    (63) expr -> . TRUE
    (64) expr -> . FALSE
    (26) call -> . ID LPAREN args RPAREN
    (27) call -> . ID LPAREN RPAREN

    BUILTINIDENTIFIER shift and go to state 10
    ID              shift and go to state 48
    INTEGER         shift and go to state 12
    TRUE            shift and go to state 13
    FALSE           shift and go to state 14

    expr                           shift and go to state 67
    call                           shift and go to state 11

state 38

    (60) expr -> ID EQUALEQUAL . expr
    (47) expr -> . BUILTINIDENTIFIER LPAREN STRING RPAREN
    (48) expr -> . BUILTINIDENTIFIER LPAREN expr RPAREN DOT expr
    (49) expr -> . ID PLUS expr
    (50) expr -> . ID
    (51) expr -> . ID DOT expr
    (52) expr -> . call
    (53) expr -> . INTEGER
    (54) expr -> . ID MINUS expr
    (55) expr -> . ID SLASH expr
    (56) expr -> . ID ASTERISK expr
    (57) expr -> . ID RARROW expr
    (58) expr -> . ID LARROW expr
    (59) expr -> . ID PERCENT expr
    (60) expr -> . ID EQUALEQUAL expr
    (61) expr -> . ID AND expr
    (62) expr -> . ID OR expr
    (63) expr -> . TRUE
    (64) expr -> . FALSE
    (26) call -> . ID LPAREN args RPAREN
    (27) call -> . ID LPAREN RPAREN

    BUILTINIDENTIFIER shift and go to state 10
    ID              shift and go to state 48
    INTEGER         shift and go to state 12
    TRUE            shift and go to state 13
    FALSE           shift and go to state 14

    expr                           shift and go to state 68
    call                           shift and go to state 11

state 39

    (61) expr -> ID AND . expr
    (47) expr -> . BUILTINIDENTIFIER LPAREN STRING RPAREN
    (48) expr -> . BUILTINIDENTIFIER LPAREN expr RPAREN DOT expr
    (49) expr -> . ID PLUS expr
    (50) expr -> . ID
    (51) expr -> . ID DOT expr
    (52) expr -> . call
    (53) expr -> . INTEGER
    (54) expr -> . ID MINUS expr
    (55) expr -> . ID SLASH expr
    (56) expr -> . ID ASTERISK expr
    (57) expr -> . ID RARROW expr
    (58) expr -> . ID LARROW expr
    (59) expr -> . ID PERCENT expr
    (60) expr -> . ID EQUALEQUAL expr
    (61) expr -> . ID AND expr
    (62) expr -> . ID OR expr
    (63) expr -> . TRUE
    (64) expr -> . FALSE
    (26) call -> . ID LPAREN args RPAREN
    (27) call -> . ID LPAREN RPAREN

    BUILTINIDENTIFIER shift and go to state 10
    ID              shift and go to state 48
    INTEGER         shift and go to state 12
    TRUE            shift and go to state 13
    FALSE           shift and go to state 14

    expr                           shift and go to state 69
    call                           shift and go to state 11

state 40

    (62) expr -> ID OR . expr
    (47) expr -> . BUILTINIDENTIFIER LPAREN STRING RPAREN
    (48) expr -> . BUILTINIDENTIFIER LPAREN expr RPAREN DOT expr
    (49) expr -> . ID PLUS expr
    (50) expr -> . ID
    (51) expr -> . ID DOT expr
    (52) expr -> . call
    (53) expr -> . INTEGER
    (54) expr -> . ID MINUS expr
    (55) expr -> . ID SLASH expr
    (56) expr -> . ID ASTERISK expr
    (57) expr -> . ID RARROW expr
    (58) expr -> . ID LARROW expr
    (59) expr -> . ID PERCENT expr
    (60) expr -> . ID EQUALEQUAL expr
    (61) expr -> . ID AND expr
    (62) expr -> . ID OR expr
    (63) expr -> . TRUE
    (64) expr -> . FALSE
    (26) call -> . ID LPAREN args RPAREN
    (27) call -> . ID LPAREN RPAREN

    BUILTINIDENTIFIER shift and go to state 10
    ID              shift and go to state 48
    INTEGER         shift and go to state 12
    TRUE            shift and go to state 13
    FALSE           shift and go to state 14

    expr                           shift and go to state 70
    call                           shift and go to state 11

state 41

    (26) call -> ID LPAREN . args RPAREN
    (27) call -> ID LPAREN . RPAREN
    (28) args -> . ID
    (29) args -> . ID COMMA args
    (30) args -> . STRING COMMA DOT LBRACE args RBRACE
    (31) args -> . STRING COMMA DOT LBRACE RBRACE

    RPAREN          shift and go to state 73
    ID              shift and go to state 71
    STRING          shift and go to state 74

    args                           shift and go to state 72

state 42

    (32) decl -> VAR ID . COLON tipo_retorno EQUAL expr SEMICOLON

    COLON           shift and go to state 75


state 43

    (36) decl -> expr SEMICOLON .

    PUB             reduce using rule 36 (decl -> expr SEMICOLON .)
    FN              reduce using rule 36 (decl -> expr SEMICOLON .)
    VAR             reduce using rule 36 (decl -> expr SEMICOLON .)
    CONST           reduce using rule 36 (decl -> expr SEMICOLON .)
    ID              reduce using rule 36 (decl -> expr SEMICOLON .)
    BUILTINIDENTIFIER reduce using rule 36 (decl -> expr SEMICOLON .)
    INTEGER         reduce using rule 36 (decl -> expr SEMICOLON .)
    TRUE            reduce using rule 36 (decl -> expr SEMICOLON .)
    FALSE           reduce using rule 36 (decl -> expr SEMICOLON .)
    $end            reduce using rule 36 (decl -> expr SEMICOLON .)


state 44

    (33) decl -> CONST ID . EQUAL expr SEMICOLON
    (34) decl -> CONST ID . COLON tipo_retorno EQUAL expr SEMICOLON

    EQUAL           shift and go to state 76
    COLON           shift and go to state 77


state 45

    (47) expr -> BUILTINIDENTIFIER LPAREN . STRING RPAREN
    (48) expr -> BUILTINIDENTIFIER LPAREN . expr RPAREN DOT expr
    (47) expr -> . BUILTINIDENTIFIER LPAREN STRING RPAREN
    (48) expr -> . BUILTINIDENTIFIER LPAREN expr RPAREN DOT expr
    (49) expr -> . ID PLUS expr
    (50) expr -> . ID
    (51) expr -> . ID DOT expr
    (52) expr -> . call
    (53) expr -> . INTEGER
    (54) expr -> . ID MINUS expr
    (55) expr -> . ID SLASH expr
    (56) expr -> . ID ASTERISK expr
    (57) expr -> . ID RARROW expr
    (58) expr -> . ID LARROW expr
    (59) expr -> . ID PERCENT expr
    (60) expr -> . ID EQUALEQUAL expr
    (61) expr -> . ID AND expr
    (62) expr -> . ID OR expr
    (63) expr -> . TRUE
    (64) expr -> . FALSE
    (26) call -> . ID LPAREN args RPAREN
    (27) call -> . ID LPAREN RPAREN

    STRING          shift and go to state 78
    BUILTINIDENTIFIER shift and go to state 10
    ID              shift and go to state 48
    INTEGER         shift and go to state 12
    TRUE            shift and go to state 13
    FALSE           shift and go to state 14

    expr                           shift and go to state 79
    call                           shift and go to state 11

state 46

    (5) funcao -> PUB FN ID . LPAREN params RPAREN tipo_retorno LBRACE decl_interna RBRACE
    (6) funcao -> PUB FN ID . LPAREN RPAREN tipo_retorno LBRACE decl_interna RBRACE
    (9) funcao -> PUB FN ID . LPAREN params RPAREN tipo_retorno LBRACE RBRACE
    (11) funcao -> PUB FN ID . LPAREN RPAREN tipo_retorno LBRACE RBRACE

    LPAREN          shift and go to state 80


state 47

    (7) funcao -> FN ID LPAREN . params RPAREN tipo_retorno LBRACE decl_interna RBRACE
    (8) funcao -> FN ID LPAREN . RPAREN tipo_retorno LBRACE decl_interna RBRACE
    (10) funcao -> FN ID LPAREN . params RPAREN tipo_retorno LBRACE RBRACE
    (12) funcao -> FN ID LPAREN . RPAREN tipo_retorno LBRACE RBRACE
    (24) params -> . ID COLON tipo_retorno
    (25) params -> . ID COLON tipo_retorno COMMA params

    RPAREN          shift and go to state 83
    ID              shift and go to state 81

    params                         shift and go to state 82

state 48

    (49) expr -> ID . PLUS expr
    (50) expr -> ID .
    (51) expr -> ID . DOT expr
    (54) expr -> ID . MINUS expr
    (55) expr -> ID . SLASH expr
    (56) expr -> ID . ASTERISK expr
    (57) expr -> ID . RARROW expr
    (58) expr -> ID . LARROW expr
    (59) expr -> ID . PERCENT expr
    (60) expr -> ID . EQUALEQUAL expr
    (61) expr -> ID . AND expr
    (62) expr -> ID . OR expr
    (26) call -> ID . LPAREN args RPAREN
    (27) call -> ID . LPAREN RPAREN

    PLUS            shift and go to state 30
    SEMICOLON       reduce using rule 50 (expr -> ID .)
    RPAREN          reduce using rule 50 (expr -> ID .)
    DOT             shift and go to state 31
    MINUS           shift and go to state 32
    SLASH           shift and go to state 33
    ASTERISK        shift and go to state 34
    RARROW          shift and go to state 35
    LARROW          shift and go to state 36
    PERCENT         shift and go to state 37
    EQUALEQUAL      shift and go to state 38
    AND             shift and go to state 39
    OR              shift and go to state 40
    LPAREN          shift and go to state 41


state 49

    (35) decl -> ID EQUAL expr . SEMICOLON

    SEMICOLON       shift and go to state 84


state 50

    (37) decl -> ID PLUSEQUAL expr . SEMICOLON

    SEMICOLON       shift and go to state 85


state 51

    (38) decl -> ID PLUSPERCENT expr . SEMICOLON

    SEMICOLON       shift and go to state 86


state 52

    (39) decl -> ID PLUSPERCENTEQUAL expr . SEMICOLON

    SEMICOLON       shift and go to state 87


state 53

    (40) decl -> ID PLUSPIPE expr . SEMICOLON

    SEMICOLON       shift and go to state 88


state 54

    (41) decl -> ID PLUSPIPEEQUAL expr . SEMICOLON

    SEMICOLON       shift and go to state 89


state 55

    (42) decl -> ID MINUSEQUAL expr . SEMICOLON

    SEMICOLON       shift and go to state 90


state 56

    (43) decl -> ID MINUSPERCENT expr . SEMICOLON

    SEMICOLON       shift and go to state 91


state 57

    (44) decl -> ID MINUSPERCENTEQUAL expr . SEMICOLON

    SEMICOLON       shift and go to state 92


state 58

    (45) decl -> ID MINUSPIPE expr . SEMICOLON

    SEMICOLON       shift and go to state 93


state 59

    (46) decl -> ID MINUSPIPEEQUAL expr . SEMICOLON

    SEMICOLON       shift and go to state 94


state 60

    (49) expr -> ID PLUS expr .

    SEMICOLON       reduce using rule 49 (expr -> ID PLUS expr .)
    RPAREN          reduce using rule 49 (expr -> ID PLUS expr .)


state 61

    (51) expr -> ID DOT expr .

    SEMICOLON       reduce using rule 51 (expr -> ID DOT expr .)
    RPAREN          reduce using rule 51 (expr -> ID DOT expr .)


state 62

    (54) expr -> ID MINUS expr .

    SEMICOLON       reduce using rule 54 (expr -> ID MINUS expr .)
    RPAREN          reduce using rule 54 (expr -> ID MINUS expr .)


state 63

    (55) expr -> ID SLASH expr .

    SEMICOLON       reduce using rule 55 (expr -> ID SLASH expr .)
    RPAREN          reduce using rule 55 (expr -> ID SLASH expr .)


state 64

    (56) expr -> ID ASTERISK expr .

    SEMICOLON       reduce using rule 56 (expr -> ID ASTERISK expr .)
    RPAREN          reduce using rule 56 (expr -> ID ASTERISK expr .)


state 65

    (57) expr -> ID RARROW expr .

    SEMICOLON       reduce using rule 57 (expr -> ID RARROW expr .)
    RPAREN          reduce using rule 57 (expr -> ID RARROW expr .)


state 66

    (58) expr -> ID LARROW expr .

    SEMICOLON       reduce using rule 58 (expr -> ID LARROW expr .)
    RPAREN          reduce using rule 58 (expr -> ID LARROW expr .)


state 67

    (59) expr -> ID PERCENT expr .

    SEMICOLON       reduce using rule 59 (expr -> ID PERCENT expr .)
    RPAREN          reduce using rule 59 (expr -> ID PERCENT expr .)


state 68

    (60) expr -> ID EQUALEQUAL expr .

    SEMICOLON       reduce using rule 60 (expr -> ID EQUALEQUAL expr .)
    RPAREN          reduce using rule 60 (expr -> ID EQUALEQUAL expr .)


state 69

    (61) expr -> ID AND expr .

    SEMICOLON       reduce using rule 61 (expr -> ID AND expr .)
    RPAREN          reduce using rule 61 (expr -> ID AND expr .)


state 70

    (62) expr -> ID OR expr .

    SEMICOLON       reduce using rule 62 (expr -> ID OR expr .)
    RPAREN          reduce using rule 62 (expr -> ID OR expr .)


state 71

    (28) args -> ID .
    (29) args -> ID . COMMA args

    RPAREN          reduce using rule 28 (args -> ID .)
    RBRACE          reduce using rule 28 (args -> ID .)
    COMMA           shift and go to state 95


state 72

    (26) call -> ID LPAREN args . RPAREN

    RPAREN          shift and go to state 96


state 73

    (27) call -> ID LPAREN RPAREN .

    SEMICOLON       reduce using rule 27 (call -> ID LPAREN RPAREN .)
    RPAREN          reduce using rule 27 (call -> ID LPAREN RPAREN .)


state 74

    (30) args -> STRING . COMMA DOT LBRACE args RBRACE
    (31) args -> STRING . COMMA DOT LBRACE RBRACE

    COMMA           shift and go to state 97


state 75

    (32) decl -> VAR ID COLON . tipo_retorno EQUAL expr SEMICOLON
    (13) tipo_retorno -> . VOID
    (14) tipo_retorno -> . I8
    (15) tipo_retorno -> . U8
    (16) tipo_retorno -> . I16
    (17) tipo_retorno -> . U16
    (18) tipo_retorno -> . I32
    (19) tipo_retorno -> . U32
    (20) tipo_retorno -> . I64
    (21) tipo_retorno -> . U64
    (22) tipo_retorno -> . I128
    (23) tipo_retorno -> . U128

    VOID            shift and go to state 99
    I8              shift and go to state 100
    U8              shift and go to state 101
    I16             shift and go to state 102
    U16             shift and go to state 103
    I32             shift and go to state 104
    U32             shift and go to state 105
    I64             shift and go to state 106
    U64             shift and go to state 107
    I128            shift and go to state 108
    U128            shift and go to state 109

    tipo_retorno                   shift and go to state 98

state 76

    (33) decl -> CONST ID EQUAL . expr SEMICOLON
    (47) expr -> . BUILTINIDENTIFIER LPAREN STRING RPAREN
    (48) expr -> . BUILTINIDENTIFIER LPAREN expr RPAREN DOT expr
    (49) expr -> . ID PLUS expr
    (50) expr -> . ID
    (51) expr -> . ID DOT expr
    (52) expr -> . call
    (53) expr -> . INTEGER
    (54) expr -> . ID MINUS expr
    (55) expr -> . ID SLASH expr
    (56) expr -> . ID ASTERISK expr
    (57) expr -> . ID RARROW expr
    (58) expr -> . ID LARROW expr
    (59) expr -> . ID PERCENT expr
    (60) expr -> . ID EQUALEQUAL expr
    (61) expr -> . ID AND expr
    (62) expr -> . ID OR expr
    (63) expr -> . TRUE
    (64) expr -> . FALSE
    (26) call -> . ID LPAREN args RPAREN
    (27) call -> . ID LPAREN RPAREN

    BUILTINIDENTIFIER shift and go to state 10
    ID              shift and go to state 48
    INTEGER         shift and go to state 12
    TRUE            shift and go to state 13
    FALSE           shift and go to state 14

    expr                           shift and go to state 110
    call                           shift and go to state 11

state 77

    (34) decl -> CONST ID COLON . tipo_retorno EQUAL expr SEMICOLON
    (13) tipo_retorno -> . VOID
    (14) tipo_retorno -> . I8
    (15) tipo_retorno -> . U8
    (16) tipo_retorno -> . I16
    (17) tipo_retorno -> . U16
    (18) tipo_retorno -> . I32
    (19) tipo_retorno -> . U32
    (20) tipo_retorno -> . I64
    (21) tipo_retorno -> . U64
    (22) tipo_retorno -> . I128
    (23) tipo_retorno -> . U128

    VOID            shift and go to state 99
    I8              shift and go to state 100
    U8              shift and go to state 101
    I16             shift and go to state 102
    U16             shift and go to state 103
    I32             shift and go to state 104
    U32             shift and go to state 105
    I64             shift and go to state 106
    U64             shift and go to state 107
    I128            shift and go to state 108
    U128            shift and go to state 109

    tipo_retorno                   shift and go to state 111

state 78

    (47) expr -> BUILTINIDENTIFIER LPAREN STRING . RPAREN

    RPAREN          shift and go to state 112


state 79

    (48) expr -> BUILTINIDENTIFIER LPAREN expr . RPAREN DOT expr

    RPAREN          shift and go to state 113


state 80

    (5) funcao -> PUB FN ID LPAREN . params RPAREN tipo_retorno LBRACE decl_interna RBRACE
    (6) funcao -> PUB FN ID LPAREN . RPAREN tipo_retorno LBRACE decl_interna RBRACE
    (9) funcao -> PUB FN ID LPAREN . params RPAREN tipo_retorno LBRACE RBRACE
    (11) funcao -> PUB FN ID LPAREN . RPAREN tipo_retorno LBRACE RBRACE
    (24) params -> . ID COLON tipo_retorno
    (25) params -> . ID COLON tipo_retorno COMMA params

    RPAREN          shift and go to state 115
    ID              shift and go to state 81

    params                         shift and go to state 114

state 81

    (24) params -> ID . COLON tipo_retorno
    (25) params -> ID . COLON tipo_retorno COMMA params

    COLON           shift and go to state 116


state 82

    (7) funcao -> FN ID LPAREN params . RPAREN tipo_retorno LBRACE decl_interna RBRACE
    (10) funcao -> FN ID LPAREN params . RPAREN tipo_retorno LBRACE RBRACE

    RPAREN          shift and go to state 117


state 83

    (8) funcao -> FN ID LPAREN RPAREN . tipo_retorno LBRACE decl_interna RBRACE
    (12) funcao -> FN ID LPAREN RPAREN . tipo_retorno LBRACE RBRACE
    (13) tipo_retorno -> . VOID
    (14) tipo_retorno -> . I8
    (15) tipo_retorno -> . U8
    (16) tipo_retorno -> . I16
    (17) tipo_retorno -> . U16
    (18) tipo_retorno -> . I32
    (19) tipo_retorno -> . U32
    (20) tipo_retorno -> . I64
    (21) tipo_retorno -> . U64
    (22) tipo_retorno -> . I128
    (23) tipo_retorno -> . U128

    VOID            shift and go to state 99
    I8              shift and go to state 100
    U8              shift and go to state 101
    I16             shift and go to state 102
    U16             shift and go to state 103
    I32             shift and go to state 104
    U32             shift and go to state 105
    I64             shift and go to state 106
    U64             shift and go to state 107
    I128            shift and go to state 108
    U128            shift and go to state 109

    tipo_retorno                   shift and go to state 118

state 84

    (35) decl -> ID EQUAL expr SEMICOLON .

    PUB             reduce using rule 35 (decl -> ID EQUAL expr SEMICOLON .)
    FN              reduce using rule 35 (decl -> ID EQUAL expr SEMICOLON .)
    VAR             reduce using rule 35 (decl -> ID EQUAL expr SEMICOLON .)
    CONST           reduce using rule 35 (decl -> ID EQUAL expr SEMICOLON .)
    ID              reduce using rule 35 (decl -> ID EQUAL expr SEMICOLON .)
    BUILTINIDENTIFIER reduce using rule 35 (decl -> ID EQUAL expr SEMICOLON .)
    INTEGER         reduce using rule 35 (decl -> ID EQUAL expr SEMICOLON .)
    TRUE            reduce using rule 35 (decl -> ID EQUAL expr SEMICOLON .)
    FALSE           reduce using rule 35 (decl -> ID EQUAL expr SEMICOLON .)
    $end            reduce using rule 35 (decl -> ID EQUAL expr SEMICOLON .)


state 85

    (37) decl -> ID PLUSEQUAL expr SEMICOLON .

    PUB             reduce using rule 37 (decl -> ID PLUSEQUAL expr SEMICOLON .)
    FN              reduce using rule 37 (decl -> ID PLUSEQUAL expr SEMICOLON .)
    VAR             reduce using rule 37 (decl -> ID PLUSEQUAL expr SEMICOLON .)
    CONST           reduce using rule 37 (decl -> ID PLUSEQUAL expr SEMICOLON .)
    ID              reduce using rule 37 (decl -> ID PLUSEQUAL expr SEMICOLON .)
    BUILTINIDENTIFIER reduce using rule 37 (decl -> ID PLUSEQUAL expr SEMICOLON .)
    INTEGER         reduce using rule 37 (decl -> ID PLUSEQUAL expr SEMICOLON .)
    TRUE            reduce using rule 37 (decl -> ID PLUSEQUAL expr SEMICOLON .)
    FALSE           reduce using rule 37 (decl -> ID PLUSEQUAL expr SEMICOLON .)
    $end            reduce using rule 37 (decl -> ID PLUSEQUAL expr SEMICOLON .)


state 86

    (38) decl -> ID PLUSPERCENT expr SEMICOLON .

    PUB             reduce using rule 38 (decl -> ID PLUSPERCENT expr SEMICOLON .)
    FN              reduce using rule 38 (decl -> ID PLUSPERCENT expr SEMICOLON .)
    VAR             reduce using rule 38 (decl -> ID PLUSPERCENT expr SEMICOLON .)
    CONST           reduce using rule 38 (decl -> ID PLUSPERCENT expr SEMICOLON .)
    ID              reduce using rule 38 (decl -> ID PLUSPERCENT expr SEMICOLON .)
    BUILTINIDENTIFIER reduce using rule 38 (decl -> ID PLUSPERCENT expr SEMICOLON .)
    INTEGER         reduce using rule 38 (decl -> ID PLUSPERCENT expr SEMICOLON .)
    TRUE            reduce using rule 38 (decl -> ID PLUSPERCENT expr SEMICOLON .)
    FALSE           reduce using rule 38 (decl -> ID PLUSPERCENT expr SEMICOLON .)
    $end            reduce using rule 38 (decl -> ID PLUSPERCENT expr SEMICOLON .)


state 87

    (39) decl -> ID PLUSPERCENTEQUAL expr SEMICOLON .

    PUB             reduce using rule 39 (decl -> ID PLUSPERCENTEQUAL expr SEMICOLON .)
    FN              reduce using rule 39 (decl -> ID PLUSPERCENTEQUAL expr SEMICOLON .)
    VAR             reduce using rule 39 (decl -> ID PLUSPERCENTEQUAL expr SEMICOLON .)
    CONST           reduce using rule 39 (decl -> ID PLUSPERCENTEQUAL expr SEMICOLON .)
    ID              reduce using rule 39 (decl -> ID PLUSPERCENTEQUAL expr SEMICOLON .)
    BUILTINIDENTIFIER reduce using rule 39 (decl -> ID PLUSPERCENTEQUAL expr SEMICOLON .)
    INTEGER         reduce using rule 39 (decl -> ID PLUSPERCENTEQUAL expr SEMICOLON .)
    TRUE            reduce using rule 39 (decl -> ID PLUSPERCENTEQUAL expr SEMICOLON .)
    FALSE           reduce using rule 39 (decl -> ID PLUSPERCENTEQUAL expr SEMICOLON .)
    $end            reduce using rule 39 (decl -> ID PLUSPERCENTEQUAL expr SEMICOLON .)


state 88

    (40) decl -> ID PLUSPIPE expr SEMICOLON .

    PUB             reduce using rule 40 (decl -> ID PLUSPIPE expr SEMICOLON .)
    FN              reduce using rule 40 (decl -> ID PLUSPIPE expr SEMICOLON .)
    VAR             reduce using rule 40 (decl -> ID PLUSPIPE expr SEMICOLON .)
    CONST           reduce using rule 40 (decl -> ID PLUSPIPE expr SEMICOLON .)
    ID              reduce using rule 40 (decl -> ID PLUSPIPE expr SEMICOLON .)
    BUILTINIDENTIFIER reduce using rule 40 (decl -> ID PLUSPIPE expr SEMICOLON .)
    INTEGER         reduce using rule 40 (decl -> ID PLUSPIPE expr SEMICOLON .)
    TRUE            reduce using rule 40 (decl -> ID PLUSPIPE expr SEMICOLON .)
    FALSE           reduce using rule 40 (decl -> ID PLUSPIPE expr SEMICOLON .)
    $end            reduce using rule 40 (decl -> ID PLUSPIPE expr SEMICOLON .)


state 89

    (41) decl -> ID PLUSPIPEEQUAL expr SEMICOLON .

    PUB             reduce using rule 41 (decl -> ID PLUSPIPEEQUAL expr SEMICOLON .)
    FN              reduce using rule 41 (decl -> ID PLUSPIPEEQUAL expr SEMICOLON .)
    VAR             reduce using rule 41 (decl -> ID PLUSPIPEEQUAL expr SEMICOLON .)
    CONST           reduce using rule 41 (decl -> ID PLUSPIPEEQUAL expr SEMICOLON .)
    ID              reduce using rule 41 (decl -> ID PLUSPIPEEQUAL expr SEMICOLON .)
    BUILTINIDENTIFIER reduce using rule 41 (decl -> ID PLUSPIPEEQUAL expr SEMICOLON .)
    INTEGER         reduce using rule 41 (decl -> ID PLUSPIPEEQUAL expr SEMICOLON .)
    TRUE            reduce using rule 41 (decl -> ID PLUSPIPEEQUAL expr SEMICOLON .)
    FALSE           reduce using rule 41 (decl -> ID PLUSPIPEEQUAL expr SEMICOLON .)
    $end            reduce using rule 41 (decl -> ID PLUSPIPEEQUAL expr SEMICOLON .)


state 90

    (42) decl -> ID MINUSEQUAL expr SEMICOLON .

    PUB             reduce using rule 42 (decl -> ID MINUSEQUAL expr SEMICOLON .)
    FN              reduce using rule 42 (decl -> ID MINUSEQUAL expr SEMICOLON .)
    VAR             reduce using rule 42 (decl -> ID MINUSEQUAL expr SEMICOLON .)
    CONST           reduce using rule 42 (decl -> ID MINUSEQUAL expr SEMICOLON .)
    ID              reduce using rule 42 (decl -> ID MINUSEQUAL expr SEMICOLON .)
    BUILTINIDENTIFIER reduce using rule 42 (decl -> ID MINUSEQUAL expr SEMICOLON .)
    INTEGER         reduce using rule 42 (decl -> ID MINUSEQUAL expr SEMICOLON .)
    TRUE            reduce using rule 42 (decl -> ID MINUSEQUAL expr SEMICOLON .)
    FALSE           reduce using rule 42 (decl -> ID MINUSEQUAL expr SEMICOLON .)
    $end            reduce using rule 42 (decl -> ID MINUSEQUAL expr SEMICOLON .)


state 91

    (43) decl -> ID MINUSPERCENT expr SEMICOLON .

    PUB             reduce using rule 43 (decl -> ID MINUSPERCENT expr SEMICOLON .)
    FN              reduce using rule 43 (decl -> ID MINUSPERCENT expr SEMICOLON .)
    VAR             reduce using rule 43 (decl -> ID MINUSPERCENT expr SEMICOLON .)
    CONST           reduce using rule 43 (decl -> ID MINUSPERCENT expr SEMICOLON .)
    ID              reduce using rule 43 (decl -> ID MINUSPERCENT expr SEMICOLON .)
    BUILTINIDENTIFIER reduce using rule 43 (decl -> ID MINUSPERCENT expr SEMICOLON .)
    INTEGER         reduce using rule 43 (decl -> ID MINUSPERCENT expr SEMICOLON .)
    TRUE            reduce using rule 43 (decl -> ID MINUSPERCENT expr SEMICOLON .)
    FALSE           reduce using rule 43 (decl -> ID MINUSPERCENT expr SEMICOLON .)
    $end            reduce using rule 43 (decl -> ID MINUSPERCENT expr SEMICOLON .)


state 92

    (44) decl -> ID MINUSPERCENTEQUAL expr SEMICOLON .

    PUB             reduce using rule 44 (decl -> ID MINUSPERCENTEQUAL expr SEMICOLON .)
    FN              reduce using rule 44 (decl -> ID MINUSPERCENTEQUAL expr SEMICOLON .)
    VAR             reduce using rule 44 (decl -> ID MINUSPERCENTEQUAL expr SEMICOLON .)
    CONST           reduce using rule 44 (decl -> ID MINUSPERCENTEQUAL expr SEMICOLON .)
    ID              reduce using rule 44 (decl -> ID MINUSPERCENTEQUAL expr SEMICOLON .)
    BUILTINIDENTIFIER reduce using rule 44 (decl -> ID MINUSPERCENTEQUAL expr SEMICOLON .)
    INTEGER         reduce using rule 44 (decl -> ID MINUSPERCENTEQUAL expr SEMICOLON .)
    TRUE            reduce using rule 44 (decl -> ID MINUSPERCENTEQUAL expr SEMICOLON .)
    FALSE           reduce using rule 44 (decl -> ID MINUSPERCENTEQUAL expr SEMICOLON .)
    $end            reduce using rule 44 (decl -> ID MINUSPERCENTEQUAL expr SEMICOLON .)


state 93

    (45) decl -> ID MINUSPIPE expr SEMICOLON .

    PUB             reduce using rule 45 (decl -> ID MINUSPIPE expr SEMICOLON .)
    FN              reduce using rule 45 (decl -> ID MINUSPIPE expr SEMICOLON .)
    VAR             reduce using rule 45 (decl -> ID MINUSPIPE expr SEMICOLON .)
    CONST           reduce using rule 45 (decl -> ID MINUSPIPE expr SEMICOLON .)
    ID              reduce using rule 45 (decl -> ID MINUSPIPE expr SEMICOLON .)
    BUILTINIDENTIFIER reduce using rule 45 (decl -> ID MINUSPIPE expr SEMICOLON .)
    INTEGER         reduce using rule 45 (decl -> ID MINUSPIPE expr SEMICOLON .)
    TRUE            reduce using rule 45 (decl -> ID MINUSPIPE expr SEMICOLON .)
    FALSE           reduce using rule 45 (decl -> ID MINUSPIPE expr SEMICOLON .)
    $end            reduce using rule 45 (decl -> ID MINUSPIPE expr SEMICOLON .)


state 94

    (46) decl -> ID MINUSPIPEEQUAL expr SEMICOLON .

    PUB             reduce using rule 46 (decl -> ID MINUSPIPEEQUAL expr SEMICOLON .)
    FN              reduce using rule 46 (decl -> ID MINUSPIPEEQUAL expr SEMICOLON .)
    VAR             reduce using rule 46 (decl -> ID MINUSPIPEEQUAL expr SEMICOLON .)
    CONST           reduce using rule 46 (decl -> ID MINUSPIPEEQUAL expr SEMICOLON .)
    ID              reduce using rule 46 (decl -> ID MINUSPIPEEQUAL expr SEMICOLON .)
    BUILTINIDENTIFIER reduce using rule 46 (decl -> ID MINUSPIPEEQUAL expr SEMICOLON .)
    INTEGER         reduce using rule 46 (decl -> ID MINUSPIPEEQUAL expr SEMICOLON .)
    TRUE            reduce using rule 46 (decl -> ID MINUSPIPEEQUAL expr SEMICOLON .)
    FALSE           reduce using rule 46 (decl -> ID MINUSPIPEEQUAL expr SEMICOLON .)
    $end            reduce using rule 46 (decl -> ID MINUSPIPEEQUAL expr SEMICOLON .)


state 95

    (29) args -> ID COMMA . args
    (28) args -> . ID
    (29) args -> . ID COMMA args
    (30) args -> . STRING COMMA DOT LBRACE args RBRACE
    (31) args -> . STRING COMMA DOT LBRACE RBRACE

    ID              shift and go to state 71
    STRING          shift and go to state 74

    args                           shift and go to state 119

state 96

    (26) call -> ID LPAREN args RPAREN .

    SEMICOLON       reduce using rule 26 (call -> ID LPAREN args RPAREN .)
    RPAREN          reduce using rule 26 (call -> ID LPAREN args RPAREN .)


state 97

    (30) args -> STRING COMMA . DOT LBRACE args RBRACE
    (31) args -> STRING COMMA . DOT LBRACE RBRACE

    DOT             shift and go to state 120


state 98

    (32) decl -> VAR ID COLON tipo_retorno . EQUAL expr SEMICOLON

    EQUAL           shift and go to state 121


state 99

    (13) tipo_retorno -> VOID .

    EQUAL           reduce using rule 13 (tipo_retorno -> VOID .)
    LBRACE          reduce using rule 13 (tipo_retorno -> VOID .)
    COMMA           reduce using rule 13 (tipo_retorno -> VOID .)
    RPAREN          reduce using rule 13 (tipo_retorno -> VOID .)


state 100

    (14) tipo_retorno -> I8 .

    EQUAL           reduce using rule 14 (tipo_retorno -> I8 .)
    LBRACE          reduce using rule 14 (tipo_retorno -> I8 .)
    COMMA           reduce using rule 14 (tipo_retorno -> I8 .)
    RPAREN          reduce using rule 14 (tipo_retorno -> I8 .)


state 101

    (15) tipo_retorno -> U8 .

    EQUAL           reduce using rule 15 (tipo_retorno -> U8 .)
    LBRACE          reduce using rule 15 (tipo_retorno -> U8 .)
    COMMA           reduce using rule 15 (tipo_retorno -> U8 .)
    RPAREN          reduce using rule 15 (tipo_retorno -> U8 .)


state 102

    (16) tipo_retorno -> I16 .

    EQUAL           reduce using rule 16 (tipo_retorno -> I16 .)
    LBRACE          reduce using rule 16 (tipo_retorno -> I16 .)
    COMMA           reduce using rule 16 (tipo_retorno -> I16 .)
    RPAREN          reduce using rule 16 (tipo_retorno -> I16 .)


state 103

    (17) tipo_retorno -> U16 .

    EQUAL           reduce using rule 17 (tipo_retorno -> U16 .)
    LBRACE          reduce using rule 17 (tipo_retorno -> U16 .)
    COMMA           reduce using rule 17 (tipo_retorno -> U16 .)
    RPAREN          reduce using rule 17 (tipo_retorno -> U16 .)


state 104

    (18) tipo_retorno -> I32 .

    EQUAL           reduce using rule 18 (tipo_retorno -> I32 .)
    LBRACE          reduce using rule 18 (tipo_retorno -> I32 .)
    COMMA           reduce using rule 18 (tipo_retorno -> I32 .)
    RPAREN          reduce using rule 18 (tipo_retorno -> I32 .)


state 105

    (19) tipo_retorno -> U32 .

    EQUAL           reduce using rule 19 (tipo_retorno -> U32 .)
    LBRACE          reduce using rule 19 (tipo_retorno -> U32 .)
    COMMA           reduce using rule 19 (tipo_retorno -> U32 .)
    RPAREN          reduce using rule 19 (tipo_retorno -> U32 .)


state 106

    (20) tipo_retorno -> I64 .

    EQUAL           reduce using rule 20 (tipo_retorno -> I64 .)
    LBRACE          reduce using rule 20 (tipo_retorno -> I64 .)
    COMMA           reduce using rule 20 (tipo_retorno -> I64 .)
    RPAREN          reduce using rule 20 (tipo_retorno -> I64 .)


state 107

    (21) tipo_retorno -> U64 .

    EQUAL           reduce using rule 21 (tipo_retorno -> U64 .)
    LBRACE          reduce using rule 21 (tipo_retorno -> U64 .)
    COMMA           reduce using rule 21 (tipo_retorno -> U64 .)
    RPAREN          reduce using rule 21 (tipo_retorno -> U64 .)


state 108

    (22) tipo_retorno -> I128 .

    EQUAL           reduce using rule 22 (tipo_retorno -> I128 .)
    LBRACE          reduce using rule 22 (tipo_retorno -> I128 .)
    COMMA           reduce using rule 22 (tipo_retorno -> I128 .)
    RPAREN          reduce using rule 22 (tipo_retorno -> I128 .)


state 109

    (23) tipo_retorno -> U128 .

    EQUAL           reduce using rule 23 (tipo_retorno -> U128 .)
    LBRACE          reduce using rule 23 (tipo_retorno -> U128 .)
    COMMA           reduce using rule 23 (tipo_retorno -> U128 .)
    RPAREN          reduce using rule 23 (tipo_retorno -> U128 .)


state 110

    (33) decl -> CONST ID EQUAL expr . SEMICOLON

    SEMICOLON       shift and go to state 122


state 111

    (34) decl -> CONST ID COLON tipo_retorno . EQUAL expr SEMICOLON

    EQUAL           shift and go to state 123


state 112

    (47) expr -> BUILTINIDENTIFIER LPAREN STRING RPAREN .

    SEMICOLON       reduce using rule 47 (expr -> BUILTINIDENTIFIER LPAREN STRING RPAREN .)
    RPAREN          reduce using rule 47 (expr -> BUILTINIDENTIFIER LPAREN STRING RPAREN .)


state 113

    (48) expr -> BUILTINIDENTIFIER LPAREN expr RPAREN . DOT expr

    DOT             shift and go to state 124


state 114

    (5) funcao -> PUB FN ID LPAREN params . RPAREN tipo_retorno LBRACE decl_interna RBRACE
    (9) funcao -> PUB FN ID LPAREN params . RPAREN tipo_retorno LBRACE RBRACE

    RPAREN          shift and go to state 125


state 115

    (6) funcao -> PUB FN ID LPAREN RPAREN . tipo_retorno LBRACE decl_interna RBRACE
    (11) funcao -> PUB FN ID LPAREN RPAREN . tipo_retorno LBRACE RBRACE
    (13) tipo_retorno -> . VOID
    (14) tipo_retorno -> . I8
    (15) tipo_retorno -> . U8
    (16) tipo_retorno -> . I16
    (17) tipo_retorno -> . U16
    (18) tipo_retorno -> . I32
    (19) tipo_retorno -> . U32
    (20) tipo_retorno -> . I64
    (21) tipo_retorno -> . U64
    (22) tipo_retorno -> . I128
    (23) tipo_retorno -> . U128

    VOID            shift and go to state 99
    I8              shift and go to state 100
    U8              shift and go to state 101
    I16             shift and go to state 102
    U16             shift and go to state 103
    I32             shift and go to state 104
    U32             shift and go to state 105
    I64             shift and go to state 106
    U64             shift and go to state 107
    I128            shift and go to state 108
    U128            shift and go to state 109

    tipo_retorno                   shift and go to state 126

state 116

    (24) params -> ID COLON . tipo_retorno
    (25) params -> ID COLON . tipo_retorno COMMA params
    (13) tipo_retorno -> . VOID
    (14) tipo_retorno -> . I8
    (15) tipo_retorno -> . U8
    (16) tipo_retorno -> . I16
    (17) tipo_retorno -> . U16
    (18) tipo_retorno -> . I32
    (19) tipo_retorno -> . U32
    (20) tipo_retorno -> . I64
    (21) tipo_retorno -> . U64
    (22) tipo_retorno -> . I128
    (23) tipo_retorno -> . U128

    VOID            shift and go to state 99
    I8              shift and go to state 100
    U8              shift and go to state 101
    I16             shift and go to state 102
    U16             shift and go to state 103
    I32             shift and go to state 104
    U32             shift and go to state 105
    I64             shift and go to state 106
    U64             shift and go to state 107
    I128            shift and go to state 108
    U128            shift and go to state 109

    tipo_retorno                   shift and go to state 127

state 117

    (7) funcao -> FN ID LPAREN params RPAREN . tipo_retorno LBRACE decl_interna RBRACE
    (10) funcao -> FN ID LPAREN params RPAREN . tipo_retorno LBRACE RBRACE
    (13) tipo_retorno -> . VOID
    (14) tipo_retorno -> . I8
    (15) tipo_retorno -> . U8
    (16) tipo_retorno -> . I16
    (17) tipo_retorno -> . U16
    (18) tipo_retorno -> . I32
    (19) tipo_retorno -> . U32
    (20) tipo_retorno -> . I64
    (21) tipo_retorno -> . U64
    (22) tipo_retorno -> . I128
    (23) tipo_retorno -> . U128

    VOID            shift and go to state 99
    I8              shift and go to state 100
    U8              shift and go to state 101
    I16             shift and go to state 102
    U16             shift and go to state 103
    I32             shift and go to state 104
    U32             shift and go to state 105
    I64             shift and go to state 106
    U64             shift and go to state 107
    I128            shift and go to state 108
    U128            shift and go to state 109

    tipo_retorno                   shift and go to state 128

state 118

    (8) funcao -> FN ID LPAREN RPAREN tipo_retorno . LBRACE decl_interna RBRACE
    (12) funcao -> FN ID LPAREN RPAREN tipo_retorno . LBRACE RBRACE

    LBRACE          shift and go to state 129


state 119

    (29) args -> ID COMMA args .

    RPAREN          reduce using rule 29 (args -> ID COMMA args .)
    RBRACE          reduce using rule 29 (args -> ID COMMA args .)


state 120

    (30) args -> STRING COMMA DOT . LBRACE args RBRACE
    (31) args -> STRING COMMA DOT . LBRACE RBRACE

    LBRACE          shift and go to state 130


state 121

    (32) decl -> VAR ID COLON tipo_retorno EQUAL . expr SEMICOLON
    (47) expr -> . BUILTINIDENTIFIER LPAREN STRING RPAREN
    (48) expr -> . BUILTINIDENTIFIER LPAREN expr RPAREN DOT expr
    (49) expr -> . ID PLUS expr
    (50) expr -> . ID
    (51) expr -> . ID DOT expr
    (52) expr -> . call
    (53) expr -> . INTEGER
    (54) expr -> . ID MINUS expr
    (55) expr -> . ID SLASH expr
    (56) expr -> . ID ASTERISK expr
    (57) expr -> . ID RARROW expr
    (58) expr -> . ID LARROW expr
    (59) expr -> . ID PERCENT expr
    (60) expr -> . ID EQUALEQUAL expr
    (61) expr -> . ID AND expr
    (62) expr -> . ID OR expr
    (63) expr -> . TRUE
    (64) expr -> . FALSE
    (26) call -> . ID LPAREN args RPAREN
    (27) call -> . ID LPAREN RPAREN

    BUILTINIDENTIFIER shift and go to state 10
    ID              shift and go to state 48
    INTEGER         shift and go to state 12
    TRUE            shift and go to state 13
    FALSE           shift and go to state 14

    expr                           shift and go to state 131
    call                           shift and go to state 11

state 122

    (33) decl -> CONST ID EQUAL expr SEMICOLON .

    PUB             reduce using rule 33 (decl -> CONST ID EQUAL expr SEMICOLON .)
    FN              reduce using rule 33 (decl -> CONST ID EQUAL expr SEMICOLON .)
    VAR             reduce using rule 33 (decl -> CONST ID EQUAL expr SEMICOLON .)
    CONST           reduce using rule 33 (decl -> CONST ID EQUAL expr SEMICOLON .)
    ID              reduce using rule 33 (decl -> CONST ID EQUAL expr SEMICOLON .)
    BUILTINIDENTIFIER reduce using rule 33 (decl -> CONST ID EQUAL expr SEMICOLON .)
    INTEGER         reduce using rule 33 (decl -> CONST ID EQUAL expr SEMICOLON .)
    TRUE            reduce using rule 33 (decl -> CONST ID EQUAL expr SEMICOLON .)
    FALSE           reduce using rule 33 (decl -> CONST ID EQUAL expr SEMICOLON .)
    $end            reduce using rule 33 (decl -> CONST ID EQUAL expr SEMICOLON .)


state 123

    (34) decl -> CONST ID COLON tipo_retorno EQUAL . expr SEMICOLON
    (47) expr -> . BUILTINIDENTIFIER LPAREN STRING RPAREN
    (48) expr -> . BUILTINIDENTIFIER LPAREN expr RPAREN DOT expr
    (49) expr -> . ID PLUS expr
    (50) expr -> . ID
    (51) expr -> . ID DOT expr
    (52) expr -> . call
    (53) expr -> . INTEGER
    (54) expr -> . ID MINUS expr
    (55) expr -> . ID SLASH expr
    (56) expr -> . ID ASTERISK expr
    (57) expr -> . ID RARROW expr
    (58) expr -> . ID LARROW expr
    (59) expr -> . ID PERCENT expr
    (60) expr -> . ID EQUALEQUAL expr
    (61) expr -> . ID AND expr
    (62) expr -> . ID OR expr
    (63) expr -> . TRUE
    (64) expr -> . FALSE
    (26) call -> . ID LPAREN args RPAREN
    (27) call -> . ID LPAREN RPAREN

    BUILTINIDENTIFIER shift and go to state 10
    ID              shift and go to state 48
    INTEGER         shift and go to state 12
    TRUE            shift and go to state 13
    FALSE           shift and go to state 14

    expr                           shift and go to state 132
    call                           shift and go to state 11

state 124

    (48) expr -> BUILTINIDENTIFIER LPAREN expr RPAREN DOT . expr
    (47) expr -> . BUILTINIDENTIFIER LPAREN STRING RPAREN
    (48) expr -> . BUILTINIDENTIFIER LPAREN expr RPAREN DOT expr
    (49) expr -> . ID PLUS expr
    (50) expr -> . ID
    (51) expr -> . ID DOT expr
    (52) expr -> . call
    (53) expr -> . INTEGER
    (54) expr -> . ID MINUS expr
    (55) expr -> . ID SLASH expr
    (56) expr -> . ID ASTERISK expr
    (57) expr -> . ID RARROW expr
    (58) expr -> . ID LARROW expr
    (59) expr -> . ID PERCENT expr
    (60) expr -> . ID EQUALEQUAL expr
    (61) expr -> . ID AND expr
    (62) expr -> . ID OR expr
    (63) expr -> . TRUE
    (64) expr -> . FALSE
    (26) call -> . ID LPAREN args RPAREN
    (27) call -> . ID LPAREN RPAREN

    BUILTINIDENTIFIER shift and go to state 10
    ID              shift and go to state 48
    INTEGER         shift and go to state 12
    TRUE            shift and go to state 13
    FALSE           shift and go to state 14

    expr                           shift and go to state 133
    call                           shift and go to state 11

state 125

    (5) funcao -> PUB FN ID LPAREN params RPAREN . tipo_retorno LBRACE decl_interna RBRACE
    (9) funcao -> PUB FN ID LPAREN params RPAREN . tipo_retorno LBRACE RBRACE
    (13) tipo_retorno -> . VOID
    (14) tipo_retorno -> . I8
    (15) tipo_retorno -> . U8
    (16) tipo_retorno -> . I16
    (17) tipo_retorno -> . U16
    (18) tipo_retorno -> . I32
    (19) tipo_retorno -> . U32
    (20) tipo_retorno -> . I64
    (21) tipo_retorno -> . U64
    (22) tipo_retorno -> . I128
    (23) tipo_retorno -> . U128

    VOID            shift and go to state 99
    I8              shift and go to state 100
    U8              shift and go to state 101
    I16             shift and go to state 102
    U16             shift and go to state 103
    I32             shift and go to state 104
    U32             shift and go to state 105
    I64             shift and go to state 106
    U64             shift and go to state 107
    I128            shift and go to state 108
    U128            shift and go to state 109

    tipo_retorno                   shift and go to state 134

state 126

    (6) funcao -> PUB FN ID LPAREN RPAREN tipo_retorno . LBRACE decl_interna RBRACE
    (11) funcao -> PUB FN ID LPAREN RPAREN tipo_retorno . LBRACE RBRACE

    LBRACE          shift and go to state 135


state 127

    (24) params -> ID COLON tipo_retorno .
    (25) params -> ID COLON tipo_retorno . COMMA params

    RPAREN          reduce using rule 24 (params -> ID COLON tipo_retorno .)
    COMMA           shift and go to state 136


state 128

    (7) funcao -> FN ID LPAREN params RPAREN tipo_retorno . LBRACE decl_interna RBRACE
    (10) funcao -> FN ID LPAREN params RPAREN tipo_retorno . LBRACE RBRACE

    LBRACE          shift and go to state 137


state 129

    (8) funcao -> FN ID LPAREN RPAREN tipo_retorno LBRACE . decl_interna RBRACE
    (12) funcao -> FN ID LPAREN RPAREN tipo_retorno LBRACE . RBRACE
    (65) decl_interna -> . BREAK SEMICOLON
    (66) decl_interna -> . RETURN expr SEMICOLON
    (67) decl_interna -> . WHILE LPAREN expr RPAREN LBRACE decl_interna RBRACE
    (68) decl_interna -> . FOR LPAREN INTEGER DOT2 INTEGER RPAREN PIPE ID PIPE LBRACE decl_interna RBRACE
    (69) decl_interna -> . expr SEMICOLON
    (70) decl_interna -> . IF LPAREN expr RPAREN LBRACE decl_interna RBRACE
    (71) decl_interna -> . VAR ID COLON tipo_retorno EQUAL expr SEMICOLON
    (72) decl_interna -> . CONST ID EQUAL expr SEMICOLON
    (73) decl_interna -> . CONST ID COLON tipo_retorno EQUAL expr SEMICOLON
    (74) decl_interna -> . VAR ID COLON tipo_retorno EQUAL expr SEMICOLON decl_interna
    (75) decl_interna -> . CONST ID EQUAL expr SEMICOLON decl_interna
    (76) decl_interna -> . CONST ID COLON tipo_retorno EQUAL expr SEMICOLON decl_interna
    (77) decl_interna -> . ID EQUAL expr SEMICOLON
    (78) decl_interna -> . ID PLUSEQUAL expr SEMICOLON
    (79) decl_interna -> . ID PLUSPERCENT expr SEMICOLON
    (80) decl_interna -> . ID PLUSPERCENTEQUAL expr SEMICOLON
    (81) decl_interna -> . ID PLUSPIPE expr SEMICOLON
    (82) decl_interna -> . ID EQUAL expr SEMICOLON decl_interna
    (83) decl_interna -> . ID PLUSEQUAL expr SEMICOLON decl_interna
    (84) decl_interna -> . ID PLUSPERCENT expr SEMICOLON decl_interna
    (85) decl_interna -> . ID PLUSPERCENTEQUAL expr SEMICOLON decl_interna
    (86) decl_interna -> . ID PLUSPIPE expr SEMICOLON decl_interna
    (87) decl_interna -> . ID PLUSPIPEEQUAL expr SEMICOLON
    (88) decl_interna -> . ID MINUSEQUAL expr SEMICOLON
    (89) decl_interna -> . ID MINUSPERCENT expr SEMICOLON
    (90) decl_interna -> . ID MINUSPERCENTEQUAL expr SEMICOLON
    (91) decl_interna -> . ID MINUSPIPE expr SEMICOLON
    (92) decl_interna -> . ID MINUSPIPEEQUAL expr SEMICOLON
    (93) decl_interna -> . ID PLUSPIPEEQUAL expr SEMICOLON decl_interna
    (94) decl_interna -> . ID MINUSEQUAL expr SEMICOLON decl_interna
    (95) decl_interna -> . ID MINUSPERCENT expr SEMICOLON decl_interna
    (96) decl_interna -> . ID MINUSPERCENTEQUAL expr SEMICOLON decl_interna
    (97) decl_interna -> . ID MINUSPIPE expr SEMICOLON decl_interna
    (98) decl_interna -> . ID MINUSPIPEEQUAL expr SEMICOLON decl_interna
    (99) decl_interna -> . expr SEMICOLON decl_interna
    (100) decl_interna -> . BREAK SEMICOLON decl_interna
    (101) decl_interna -> . RETURN expr SEMICOLON decl_interna
    (102) decl_interna -> . WHILE LPAREN expr RPAREN LBRACE decl_interna RBRACE decl_interna
    (103) decl_interna -> . FOR LPAREN INTEGER DOT2 INTEGER RPAREN PIPE ID PIPE LBRACE decl_interna RBRACE decl_interna
    (104) decl_interna -> . IF LPAREN expr RPAREN LBRACE decl_interna RBRACE decl_interna
    (47) expr -> . BUILTINIDENTIFIER LPAREN STRING RPAREN
    (48) expr -> . BUILTINIDENTIFIER LPAREN expr RPAREN DOT expr
    (49) expr -> . ID PLUS expr
    (50) expr -> . ID
    (51) expr -> . ID DOT expr
    (52) expr -> . call
    (53) expr -> . INTEGER
    (54) expr -> . ID MINUS expr
    (55) expr -> . ID SLASH expr
    (56) expr -> . ID ASTERISK expr
    (57) expr -> . ID RARROW expr
    (58) expr -> . ID LARROW expr
    (59) expr -> . ID PERCENT expr
    (60) expr -> . ID EQUALEQUAL expr
    (61) expr -> . ID AND expr
    (62) expr -> . ID OR expr
    (63) expr -> . TRUE
    (64) expr -> . FALSE
    (26) call -> . ID LPAREN args RPAREN
    (27) call -> . ID LPAREN RPAREN

    RBRACE          shift and go to state 140
    BREAK           shift and go to state 141
    RETURN          shift and go to state 142
    WHILE           shift and go to state 144
    FOR             shift and go to state 145
    IF              shift and go to state 146
    VAR             shift and go to state 147
    CONST           shift and go to state 148
    ID              shift and go to state 138
    BUILTINIDENTIFIER shift and go to state 10
    INTEGER         shift and go to state 12
    TRUE            shift and go to state 13
    FALSE           shift and go to state 14

    decl_interna                   shift and go to state 139
    expr                           shift and go to state 143
    call                           shift and go to state 11

state 130

    (30) args -> STRING COMMA DOT LBRACE . args RBRACE
    (31) args -> STRING COMMA DOT LBRACE . RBRACE
    (28) args -> . ID
    (29) args -> . ID COMMA args
    (30) args -> . STRING COMMA DOT LBRACE args RBRACE
    (31) args -> . STRING COMMA DOT LBRACE RBRACE

    RBRACE          shift and go to state 150
    ID              shift and go to state 71
    STRING          shift and go to state 74

    args                           shift and go to state 149

state 131

    (32) decl -> VAR ID COLON tipo_retorno EQUAL expr . SEMICOLON

    SEMICOLON       shift and go to state 151


state 132

    (34) decl -> CONST ID COLON tipo_retorno EQUAL expr . SEMICOLON

    SEMICOLON       shift and go to state 152


state 133

    (48) expr -> BUILTINIDENTIFIER LPAREN expr RPAREN DOT expr .

    SEMICOLON       reduce using rule 48 (expr -> BUILTINIDENTIFIER LPAREN expr RPAREN DOT expr .)
    RPAREN          reduce using rule 48 (expr -> BUILTINIDENTIFIER LPAREN expr RPAREN DOT expr .)


state 134

    (5) funcao -> PUB FN ID LPAREN params RPAREN tipo_retorno . LBRACE decl_interna RBRACE
    (9) funcao -> PUB FN ID LPAREN params RPAREN tipo_retorno . LBRACE RBRACE

    LBRACE          shift and go to state 153


state 135

    (6) funcao -> PUB FN ID LPAREN RPAREN tipo_retorno LBRACE . decl_interna RBRACE
    (11) funcao -> PUB FN ID LPAREN RPAREN tipo_retorno LBRACE . RBRACE
    (65) decl_interna -> . BREAK SEMICOLON
    (66) decl_interna -> . RETURN expr SEMICOLON
    (67) decl_interna -> . WHILE LPAREN expr RPAREN LBRACE decl_interna RBRACE
    (68) decl_interna -> . FOR LPAREN INTEGER DOT2 INTEGER RPAREN PIPE ID PIPE LBRACE decl_interna RBRACE
    (69) decl_interna -> . expr SEMICOLON
    (70) decl_interna -> . IF LPAREN expr RPAREN LBRACE decl_interna RBRACE
    (71) decl_interna -> . VAR ID COLON tipo_retorno EQUAL expr SEMICOLON
    (72) decl_interna -> . CONST ID EQUAL expr SEMICOLON
    (73) decl_interna -> . CONST ID COLON tipo_retorno EQUAL expr SEMICOLON
    (74) decl_interna -> . VAR ID COLON tipo_retorno EQUAL expr SEMICOLON decl_interna
    (75) decl_interna -> . CONST ID EQUAL expr SEMICOLON decl_interna
    (76) decl_interna -> . CONST ID COLON tipo_retorno EQUAL expr SEMICOLON decl_interna
    (77) decl_interna -> . ID EQUAL expr SEMICOLON
    (78) decl_interna -> . ID PLUSEQUAL expr SEMICOLON
    (79) decl_interna -> . ID PLUSPERCENT expr SEMICOLON
    (80) decl_interna -> . ID PLUSPERCENTEQUAL expr SEMICOLON
    (81) decl_interna -> . ID PLUSPIPE expr SEMICOLON
    (82) decl_interna -> . ID EQUAL expr SEMICOLON decl_interna
    (83) decl_interna -> . ID PLUSEQUAL expr SEMICOLON decl_interna
    (84) decl_interna -> . ID PLUSPERCENT expr SEMICOLON decl_interna
    (85) decl_interna -> . ID PLUSPERCENTEQUAL expr SEMICOLON decl_interna
    (86) decl_interna -> . ID PLUSPIPE expr SEMICOLON decl_interna
    (87) decl_interna -> . ID PLUSPIPEEQUAL expr SEMICOLON
    (88) decl_interna -> . ID MINUSEQUAL expr SEMICOLON
    (89) decl_interna -> . ID MINUSPERCENT expr SEMICOLON
    (90) decl_interna -> . ID MINUSPERCENTEQUAL expr SEMICOLON
    (91) decl_interna -> . ID MINUSPIPE expr SEMICOLON
    (92) decl_interna -> . ID MINUSPIPEEQUAL expr SEMICOLON
    (93) decl_interna -> . ID PLUSPIPEEQUAL expr SEMICOLON decl_interna
    (94) decl_interna -> . ID MINUSEQUAL expr SEMICOLON decl_interna
    (95) decl_interna -> . ID MINUSPERCENT expr SEMICOLON decl_interna
    (96) decl_interna -> . ID MINUSPERCENTEQUAL expr SEMICOLON decl_interna
    (97) decl_interna -> . ID MINUSPIPE expr SEMICOLON decl_interna
    (98) decl_interna -> . ID MINUSPIPEEQUAL expr SEMICOLON decl_interna
    (99) decl_interna -> . expr SEMICOLON decl_interna
    (100) decl_interna -> . BREAK SEMICOLON decl_interna
    (101) decl_interna -> . RETURN expr SEMICOLON decl_interna
    (102) decl_interna -> . WHILE LPAREN expr RPAREN LBRACE decl_interna RBRACE decl_interna
    (103) decl_interna -> . FOR LPAREN INTEGER DOT2 INTEGER RPAREN PIPE ID PIPE LBRACE decl_interna RBRACE decl_interna
    (104) decl_interna -> . IF LPAREN expr RPAREN LBRACE decl_interna RBRACE decl_interna
    (47) expr -> . BUILTINIDENTIFIER LPAREN STRING RPAREN
    (48) expr -> . BUILTINIDENTIFIER LPAREN expr RPAREN DOT expr
    (49) expr -> . ID PLUS expr
    (50) expr -> . ID
    (51) expr -> . ID DOT expr
    (52) expr -> . call
    (53) expr -> . INTEGER
    (54) expr -> . ID MINUS expr
    (55) expr -> . ID SLASH expr
    (56) expr -> . ID ASTERISK expr
    (57) expr -> . ID RARROW expr
    (58) expr -> . ID LARROW expr
    (59) expr -> . ID PERCENT expr
    (60) expr -> . ID EQUALEQUAL expr
    (61) expr -> . ID AND expr
    (62) expr -> . ID OR expr
    (63) expr -> . TRUE
    (64) expr -> . FALSE
    (26) call -> . ID LPAREN args RPAREN
    (27) call -> . ID LPAREN RPAREN

    RBRACE          shift and go to state 155
    BREAK           shift and go to state 141
    RETURN          shift and go to state 142
    WHILE           shift and go to state 144
    FOR             shift and go to state 145
    IF              shift and go to state 146
    VAR             shift and go to state 147
    CONST           shift and go to state 148
    ID              shift and go to state 138
    BUILTINIDENTIFIER shift and go to state 10
    INTEGER         shift and go to state 12
    TRUE            shift and go to state 13
    FALSE           shift and go to state 14

    decl_interna                   shift and go to state 154
    expr                           shift and go to state 143
    call                           shift and go to state 11

state 136

    (25) params -> ID COLON tipo_retorno COMMA . params
    (24) params -> . ID COLON tipo_retorno
    (25) params -> . ID COLON tipo_retorno COMMA params

    ID              shift and go to state 81

    params                         shift and go to state 156

state 137

    (7) funcao -> FN ID LPAREN params RPAREN tipo_retorno LBRACE . decl_interna RBRACE
    (10) funcao -> FN ID LPAREN params RPAREN tipo_retorno LBRACE . RBRACE
    (65) decl_interna -> . BREAK SEMICOLON
    (66) decl_interna -> . RETURN expr SEMICOLON
    (67) decl_interna -> . WHILE LPAREN expr RPAREN LBRACE decl_interna RBRACE
    (68) decl_interna -> . FOR LPAREN INTEGER DOT2 INTEGER RPAREN PIPE ID PIPE LBRACE decl_interna RBRACE
    (69) decl_interna -> . expr SEMICOLON
    (70) decl_interna -> . IF LPAREN expr RPAREN LBRACE decl_interna RBRACE
    (71) decl_interna -> . VAR ID COLON tipo_retorno EQUAL expr SEMICOLON
    (72) decl_interna -> . CONST ID EQUAL expr SEMICOLON
    (73) decl_interna -> . CONST ID COLON tipo_retorno EQUAL expr SEMICOLON
    (74) decl_interna -> . VAR ID COLON tipo_retorno EQUAL expr SEMICOLON decl_interna
    (75) decl_interna -> . CONST ID EQUAL expr SEMICOLON decl_interna
    (76) decl_interna -> . CONST ID COLON tipo_retorno EQUAL expr SEMICOLON decl_interna
    (77) decl_interna -> . ID EQUAL expr SEMICOLON
    (78) decl_interna -> . ID PLUSEQUAL expr SEMICOLON
    (79) decl_interna -> . ID PLUSPERCENT expr SEMICOLON
    (80) decl_interna -> . ID PLUSPERCENTEQUAL expr SEMICOLON
    (81) decl_interna -> . ID PLUSPIPE expr SEMICOLON
    (82) decl_interna -> . ID EQUAL expr SEMICOLON decl_interna
    (83) decl_interna -> . ID PLUSEQUAL expr SEMICOLON decl_interna
    (84) decl_interna -> . ID PLUSPERCENT expr SEMICOLON decl_interna
    (85) decl_interna -> . ID PLUSPERCENTEQUAL expr SEMICOLON decl_interna
    (86) decl_interna -> . ID PLUSPIPE expr SEMICOLON decl_interna
    (87) decl_interna -> . ID PLUSPIPEEQUAL expr SEMICOLON
    (88) decl_interna -> . ID MINUSEQUAL expr SEMICOLON
    (89) decl_interna -> . ID MINUSPERCENT expr SEMICOLON
    (90) decl_interna -> . ID MINUSPERCENTEQUAL expr SEMICOLON
    (91) decl_interna -> . ID MINUSPIPE expr SEMICOLON
    (92) decl_interna -> . ID MINUSPIPEEQUAL expr SEMICOLON
    (93) decl_interna -> . ID PLUSPIPEEQUAL expr SEMICOLON decl_interna
    (94) decl_interna -> . ID MINUSEQUAL expr SEMICOLON decl_interna
    (95) decl_interna -> . ID MINUSPERCENT expr SEMICOLON decl_interna
    (96) decl_interna -> . ID MINUSPERCENTEQUAL expr SEMICOLON decl_interna
    (97) decl_interna -> . ID MINUSPIPE expr SEMICOLON decl_interna
    (98) decl_interna -> . ID MINUSPIPEEQUAL expr SEMICOLON decl_interna
    (99) decl_interna -> . expr SEMICOLON decl_interna
    (100) decl_interna -> . BREAK SEMICOLON decl_interna
    (101) decl_interna -> . RETURN expr SEMICOLON decl_interna
    (102) decl_interna -> . WHILE LPAREN expr RPAREN LBRACE decl_interna RBRACE decl_interna
    (103) decl_interna -> . FOR LPAREN INTEGER DOT2 INTEGER RPAREN PIPE ID PIPE LBRACE decl_interna RBRACE decl_interna
    (104) decl_interna -> . IF LPAREN expr RPAREN LBRACE decl_interna RBRACE decl_interna
    (47) expr -> . BUILTINIDENTIFIER LPAREN STRING RPAREN
    (48) expr -> . BUILTINIDENTIFIER LPAREN expr RPAREN DOT expr
    (49) expr -> . ID PLUS expr
    (50) expr -> . ID
    (51) expr -> . ID DOT expr
    (52) expr -> . call
    (53) expr -> . INTEGER
    (54) expr -> . ID MINUS expr
    (55) expr -> . ID SLASH expr
    (56) expr -> . ID ASTERISK expr
    (57) expr -> . ID RARROW expr
    (58) expr -> . ID LARROW expr
    (59) expr -> . ID PERCENT expr
    (60) expr -> . ID EQUALEQUAL expr
    (61) expr -> . ID AND expr
    (62) expr -> . ID OR expr
    (63) expr -> . TRUE
    (64) expr -> . FALSE
    (26) call -> . ID LPAREN args RPAREN
    (27) call -> . ID LPAREN RPAREN

    RBRACE          shift and go to state 158
    BREAK           shift and go to state 141
    RETURN          shift and go to state 142
    WHILE           shift and go to state 144
    FOR             shift and go to state 145
    IF              shift and go to state 146
    VAR             shift and go to state 147
    CONST           shift and go to state 148
    ID              shift and go to state 138
    BUILTINIDENTIFIER shift and go to state 10
    INTEGER         shift and go to state 12
    TRUE            shift and go to state 13
    FALSE           shift and go to state 14

    decl_interna                   shift and go to state 157
    expr                           shift and go to state 143
    call                           shift and go to state 11

state 138

    (77) decl_interna -> ID . EQUAL expr SEMICOLON
    (78) decl_interna -> ID . PLUSEQUAL expr SEMICOLON
    (79) decl_interna -> ID . PLUSPERCENT expr SEMICOLON
    (80) decl_interna -> ID . PLUSPERCENTEQUAL expr SEMICOLON
    (81) decl_interna -> ID . PLUSPIPE expr SEMICOLON
    (82) decl_interna -> ID . EQUAL expr SEMICOLON decl_interna
    (83) decl_interna -> ID . PLUSEQUAL expr SEMICOLON decl_interna
    (84) decl_interna -> ID . PLUSPERCENT expr SEMICOLON decl_interna
    (85) decl_interna -> ID . PLUSPERCENTEQUAL expr SEMICOLON decl_interna
    (86) decl_interna -> ID . PLUSPIPE expr SEMICOLON decl_interna
    (87) decl_interna -> ID . PLUSPIPEEQUAL expr SEMICOLON
    (88) decl_interna -> ID . MINUSEQUAL expr SEMICOLON
    (89) decl_interna -> ID . MINUSPERCENT expr SEMICOLON
    (90) decl_interna -> ID . MINUSPERCENTEQUAL expr SEMICOLON
    (91) decl_interna -> ID . MINUSPIPE expr SEMICOLON
    (92) decl_interna -> ID . MINUSPIPEEQUAL expr SEMICOLON
    (93) decl_interna -> ID . PLUSPIPEEQUAL expr SEMICOLON decl_interna
    (94) decl_interna -> ID . MINUSEQUAL expr SEMICOLON decl_interna
    (95) decl_interna -> ID . MINUSPERCENT expr SEMICOLON decl_interna
    (96) decl_interna -> ID . MINUSPERCENTEQUAL expr SEMICOLON decl_interna
    (97) decl_interna -> ID . MINUSPIPE expr SEMICOLON decl_interna
    (98) decl_interna -> ID . MINUSPIPEEQUAL expr SEMICOLON decl_interna
    (49) expr -> ID . PLUS expr
    (50) expr -> ID .
    (51) expr -> ID . DOT expr
    (54) expr -> ID . MINUS expr
    (55) expr -> ID . SLASH expr
    (56) expr -> ID . ASTERISK expr
    (57) expr -> ID . RARROW expr
    (58) expr -> ID . LARROW expr
    (59) expr -> ID . PERCENT expr
    (60) expr -> ID . EQUALEQUAL expr
    (61) expr -> ID . AND expr
    (62) expr -> ID . OR expr
    (26) call -> ID . LPAREN args RPAREN
    (27) call -> ID . LPAREN RPAREN

    EQUAL           shift and go to state 159
    PLUSEQUAL       shift and go to state 160
    PLUSPERCENT     shift and go to state 161
    PLUSPERCENTEQUAL shift and go to state 162
    PLUSPIPE        shift and go to state 163
    PLUSPIPEEQUAL   shift and go to state 164
    MINUSEQUAL      shift and go to state 165
    MINUSPERCENT    shift and go to state 166
    MINUSPERCENTEQUAL shift and go to state 167
    MINUSPIPE       shift and go to state 168
    MINUSPIPEEQUAL  shift and go to state 169
    PLUS            shift and go to state 30
    SEMICOLON       reduce using rule 50 (expr -> ID .)
    DOT             shift and go to state 31
    MINUS           shift and go to state 32
    SLASH           shift and go to state 33
    ASTERISK        shift and go to state 34
    RARROW          shift and go to state 35
    LARROW          shift and go to state 36
    PERCENT         shift and go to state 37
    EQUALEQUAL      shift and go to state 38
    AND             shift and go to state 39
    OR              shift and go to state 40
    LPAREN          shift and go to state 41


state 139

    (8) funcao -> FN ID LPAREN RPAREN tipo_retorno LBRACE decl_interna . RBRACE

    RBRACE          shift and go to state 170


state 140

    (12) funcao -> FN ID LPAREN RPAREN tipo_retorno LBRACE RBRACE .

    PUB             reduce using rule 12 (funcao -> FN ID LPAREN RPAREN tipo_retorno LBRACE RBRACE .)
    FN              reduce using rule 12 (funcao -> FN ID LPAREN RPAREN tipo_retorno LBRACE RBRACE .)
    VAR             reduce using rule 12 (funcao -> FN ID LPAREN RPAREN tipo_retorno LBRACE RBRACE .)
    CONST           reduce using rule 12 (funcao -> FN ID LPAREN RPAREN tipo_retorno LBRACE RBRACE .)
    ID              reduce using rule 12 (funcao -> FN ID LPAREN RPAREN tipo_retorno LBRACE RBRACE .)
    BUILTINIDENTIFIER reduce using rule 12 (funcao -> FN ID LPAREN RPAREN tipo_retorno LBRACE RBRACE .)
    INTEGER         reduce using rule 12 (funcao -> FN ID LPAREN RPAREN tipo_retorno LBRACE RBRACE .)
    TRUE            reduce using rule 12 (funcao -> FN ID LPAREN RPAREN tipo_retorno LBRACE RBRACE .)
    FALSE           reduce using rule 12 (funcao -> FN ID LPAREN RPAREN tipo_retorno LBRACE RBRACE .)
    $end            reduce using rule 12 (funcao -> FN ID LPAREN RPAREN tipo_retorno LBRACE RBRACE .)


state 141

    (65) decl_interna -> BREAK . SEMICOLON
    (100) decl_interna -> BREAK . SEMICOLON decl_interna

    SEMICOLON       shift and go to state 171


state 142

    (66) decl_interna -> RETURN . expr SEMICOLON
    (101) decl_interna -> RETURN . expr SEMICOLON decl_interna
    (47) expr -> . BUILTINIDENTIFIER LPAREN STRING RPAREN
    (48) expr -> . BUILTINIDENTIFIER LPAREN expr RPAREN DOT expr
    (49) expr -> . ID PLUS expr
    (50) expr -> . ID
    (51) expr -> . ID DOT expr
    (52) expr -> . call
    (53) expr -> . INTEGER
    (54) expr -> . ID MINUS expr
    (55) expr -> . ID SLASH expr
    (56) expr -> . ID ASTERISK expr
    (57) expr -> . ID RARROW expr
    (58) expr -> . ID LARROW expr
    (59) expr -> . ID PERCENT expr
    (60) expr -> . ID EQUALEQUAL expr
    (61) expr -> . ID AND expr
    (62) expr -> . ID OR expr
    (63) expr -> . TRUE
    (64) expr -> . FALSE
    (26) call -> . ID LPAREN args RPAREN
    (27) call -> . ID LPAREN RPAREN

    BUILTINIDENTIFIER shift and go to state 10
    ID              shift and go to state 48
    INTEGER         shift and go to state 12
    TRUE            shift and go to state 13
    FALSE           shift and go to state 14

    expr                           shift and go to state 172
    call                           shift and go to state 11

state 143

    (69) decl_interna -> expr . SEMICOLON
    (99) decl_interna -> expr . SEMICOLON decl_interna

    SEMICOLON       shift and go to state 173


state 144

    (67) decl_interna -> WHILE . LPAREN expr RPAREN LBRACE decl_interna RBRACE
    (102) decl_interna -> WHILE . LPAREN expr RPAREN LBRACE decl_interna RBRACE decl_interna

    LPAREN          shift and go to state 174


state 145

    (68) decl_interna -> FOR . LPAREN INTEGER DOT2 INTEGER RPAREN PIPE ID PIPE LBRACE decl_interna RBRACE
    (103) decl_interna -> FOR . LPAREN INTEGER DOT2 INTEGER RPAREN PIPE ID PIPE LBRACE decl_interna RBRACE decl_interna

    LPAREN          shift and go to state 175


state 146

    (70) decl_interna -> IF . LPAREN expr RPAREN LBRACE decl_interna RBRACE
    (104) decl_interna -> IF . LPAREN expr RPAREN LBRACE decl_interna RBRACE decl_interna

    LPAREN          shift and go to state 176


state 147

    (71) decl_interna -> VAR . ID COLON tipo_retorno EQUAL expr SEMICOLON
    (74) decl_interna -> VAR . ID COLON tipo_retorno EQUAL expr SEMICOLON decl_interna

    ID              shift and go to state 177


state 148

    (72) decl_interna -> CONST . ID EQUAL expr SEMICOLON
    (73) decl_interna -> CONST . ID COLON tipo_retorno EQUAL expr SEMICOLON
    (75) decl_interna -> CONST . ID EQUAL expr SEMICOLON decl_interna
    (76) decl_interna -> CONST . ID COLON tipo_retorno EQUAL expr SEMICOLON decl_interna

    ID              shift and go to state 178


state 149

    (30) args -> STRING COMMA DOT LBRACE args . RBRACE

    RBRACE          shift and go to state 179


state 150

    (31) args -> STRING COMMA DOT LBRACE RBRACE .

    RPAREN          reduce using rule 31 (args -> STRING COMMA DOT LBRACE RBRACE .)
    RBRACE          reduce using rule 31 (args -> STRING COMMA DOT LBRACE RBRACE .)


state 151

    (32) decl -> VAR ID COLON tipo_retorno EQUAL expr SEMICOLON .

    PUB             reduce using rule 32 (decl -> VAR ID COLON tipo_retorno EQUAL expr SEMICOLON .)
    FN              reduce using rule 32 (decl -> VAR ID COLON tipo_retorno EQUAL expr SEMICOLON .)
    VAR             reduce using rule 32 (decl -> VAR ID COLON tipo_retorno EQUAL expr SEMICOLON .)
    CONST           reduce using rule 32 (decl -> VAR ID COLON tipo_retorno EQUAL expr SEMICOLON .)
    ID              reduce using rule 32 (decl -> VAR ID COLON tipo_retorno EQUAL expr SEMICOLON .)
    BUILTINIDENTIFIER reduce using rule 32 (decl -> VAR ID COLON tipo_retorno EQUAL expr SEMICOLON .)
    INTEGER         reduce using rule 32 (decl -> VAR ID COLON tipo_retorno EQUAL expr SEMICOLON .)
    TRUE            reduce using rule 32 (decl -> VAR ID COLON tipo_retorno EQUAL expr SEMICOLON .)
    FALSE           reduce using rule 32 (decl -> VAR ID COLON tipo_retorno EQUAL expr SEMICOLON .)
    $end            reduce using rule 32 (decl -> VAR ID COLON tipo_retorno EQUAL expr SEMICOLON .)


state 152

    (34) decl -> CONST ID COLON tipo_retorno EQUAL expr SEMICOLON .

    PUB             reduce using rule 34 (decl -> CONST ID COLON tipo_retorno EQUAL expr SEMICOLON .)
    FN              reduce using rule 34 (decl -> CONST ID COLON tipo_retorno EQUAL expr SEMICOLON .)
    VAR             reduce using rule 34 (decl -> CONST ID COLON tipo_retorno EQUAL expr SEMICOLON .)
    CONST           reduce using rule 34 (decl -> CONST ID COLON tipo_retorno EQUAL expr SEMICOLON .)
    ID              reduce using rule 34 (decl -> CONST ID COLON tipo_retorno EQUAL expr SEMICOLON .)
    BUILTINIDENTIFIER reduce using rule 34 (decl -> CONST ID COLON tipo_retorno EQUAL expr SEMICOLON .)
    INTEGER         reduce using rule 34 (decl -> CONST ID COLON tipo_retorno EQUAL expr SEMICOLON .)
    TRUE            reduce using rule 34 (decl -> CONST ID COLON tipo_retorno EQUAL expr SEMICOLON .)
    FALSE           reduce using rule 34 (decl -> CONST ID COLON tipo_retorno EQUAL expr SEMICOLON .)
    $end            reduce using rule 34 (decl -> CONST ID COLON tipo_retorno EQUAL expr SEMICOLON .)


state 153

    (5) funcao -> PUB FN ID LPAREN params RPAREN tipo_retorno LBRACE . decl_interna RBRACE
    (9) funcao -> PUB FN ID LPAREN params RPAREN tipo_retorno LBRACE . RBRACE
    (65) decl_interna -> . BREAK SEMICOLON
    (66) decl_interna -> . RETURN expr SEMICOLON
    (67) decl_interna -> . WHILE LPAREN expr RPAREN LBRACE decl_interna RBRACE
    (68) decl_interna -> . FOR LPAREN INTEGER DOT2 INTEGER RPAREN PIPE ID PIPE LBRACE decl_interna RBRACE
    (69) decl_interna -> . expr SEMICOLON
    (70) decl_interna -> . IF LPAREN expr RPAREN LBRACE decl_interna RBRACE
    (71) decl_interna -> . VAR ID COLON tipo_retorno EQUAL expr SEMICOLON
    (72) decl_interna -> . CONST ID EQUAL expr SEMICOLON
    (73) decl_interna -> . CONST ID COLON tipo_retorno EQUAL expr SEMICOLON
    (74) decl_interna -> . VAR ID COLON tipo_retorno EQUAL expr SEMICOLON decl_interna
    (75) decl_interna -> . CONST ID EQUAL expr SEMICOLON decl_interna
    (76) decl_interna -> . CONST ID COLON tipo_retorno EQUAL expr SEMICOLON decl_interna
    (77) decl_interna -> . ID EQUAL expr SEMICOLON
    (78) decl_interna -> . ID PLUSEQUAL expr SEMICOLON
    (79) decl_interna -> . ID PLUSPERCENT expr SEMICOLON
    (80) decl_interna -> . ID PLUSPERCENTEQUAL expr SEMICOLON
    (81) decl_interna -> . ID PLUSPIPE expr SEMICOLON
    (82) decl_interna -> . ID EQUAL expr SEMICOLON decl_interna
    (83) decl_interna -> . ID PLUSEQUAL expr SEMICOLON decl_interna
    (84) decl_interna -> . ID PLUSPERCENT expr SEMICOLON decl_interna
    (85) decl_interna -> . ID PLUSPERCENTEQUAL expr SEMICOLON decl_interna
    (86) decl_interna -> . ID PLUSPIPE expr SEMICOLON decl_interna
    (87) decl_interna -> . ID PLUSPIPEEQUAL expr SEMICOLON
    (88) decl_interna -> . ID MINUSEQUAL expr SEMICOLON
    (89) decl_interna -> . ID MINUSPERCENT expr SEMICOLON
    (90) decl_interna -> . ID MINUSPERCENTEQUAL expr SEMICOLON
    (91) decl_interna -> . ID MINUSPIPE expr SEMICOLON
    (92) decl_interna -> . ID MINUSPIPEEQUAL expr SEMICOLON
    (93) decl_interna -> . ID PLUSPIPEEQUAL expr SEMICOLON decl_interna
    (94) decl_interna -> . ID MINUSEQUAL expr SEMICOLON decl_interna
    (95) decl_interna -> . ID MINUSPERCENT expr SEMICOLON decl_interna
    (96) decl_interna -> . ID MINUSPERCENTEQUAL expr SEMICOLON decl_interna
    (97) decl_interna -> . ID MINUSPIPE expr SEMICOLON decl_interna
    (98) decl_interna -> . ID MINUSPIPEEQUAL expr SEMICOLON decl_interna
    (99) decl_interna -> . expr SEMICOLON decl_interna
    (100) decl_interna -> . BREAK SEMICOLON decl_interna
    (101) decl_interna -> . RETURN expr SEMICOLON decl_interna
    (102) decl_interna -> . WHILE LPAREN expr RPAREN LBRACE decl_interna RBRACE decl_interna
    (103) decl_interna -> . FOR LPAREN INTEGER DOT2 INTEGER RPAREN PIPE ID PIPE LBRACE decl_interna RBRACE decl_interna
    (104) decl_interna -> . IF LPAREN expr RPAREN LBRACE decl_interna RBRACE decl_interna
    (47) expr -> . BUILTINIDENTIFIER LPAREN STRING RPAREN
    (48) expr -> . BUILTINIDENTIFIER LPAREN expr RPAREN DOT expr
    (49) expr -> . ID PLUS expr
    (50) expr -> . ID
    (51) expr -> . ID DOT expr
    (52) expr -> . call
    (53) expr -> . INTEGER
    (54) expr -> . ID MINUS expr
    (55) expr -> . ID SLASH expr
    (56) expr -> . ID ASTERISK expr
    (57) expr -> . ID RARROW expr
    (58) expr -> . ID LARROW expr
    (59) expr -> . ID PERCENT expr
    (60) expr -> . ID EQUALEQUAL expr
    (61) expr -> . ID AND expr
    (62) expr -> . ID OR expr
    (63) expr -> . TRUE
    (64) expr -> . FALSE
    (26) call -> . ID LPAREN args RPAREN
    (27) call -> . ID LPAREN RPAREN

    RBRACE          shift and go to state 181
    BREAK           shift and go to state 141
    RETURN          shift and go to state 142
    WHILE           shift and go to state 144
    FOR             shift and go to state 145
    IF              shift and go to state 146
    VAR             shift and go to state 147
    CONST           shift and go to state 148
    ID              shift and go to state 138
    BUILTINIDENTIFIER shift and go to state 10
    INTEGER         shift and go to state 12
    TRUE            shift and go to state 13
    FALSE           shift and go to state 14

    decl_interna                   shift and go to state 180
    expr                           shift and go to state 143
    call                           shift and go to state 11

state 154

    (6) funcao -> PUB FN ID LPAREN RPAREN tipo_retorno LBRACE decl_interna . RBRACE

    RBRACE          shift and go to state 182


state 155

    (11) funcao -> PUB FN ID LPAREN RPAREN tipo_retorno LBRACE RBRACE .

    PUB             reduce using rule 11 (funcao -> PUB FN ID LPAREN RPAREN tipo_retorno LBRACE RBRACE .)
    FN              reduce using rule 11 (funcao -> PUB FN ID LPAREN RPAREN tipo_retorno LBRACE RBRACE .)
    VAR             reduce using rule 11 (funcao -> PUB FN ID LPAREN RPAREN tipo_retorno LBRACE RBRACE .)
    CONST           reduce using rule 11 (funcao -> PUB FN ID LPAREN RPAREN tipo_retorno LBRACE RBRACE .)
    ID              reduce using rule 11 (funcao -> PUB FN ID LPAREN RPAREN tipo_retorno LBRACE RBRACE .)
    BUILTINIDENTIFIER reduce using rule 11 (funcao -> PUB FN ID LPAREN RPAREN tipo_retorno LBRACE RBRACE .)
    INTEGER         reduce using rule 11 (funcao -> PUB FN ID LPAREN RPAREN tipo_retorno LBRACE RBRACE .)
    TRUE            reduce using rule 11 (funcao -> PUB FN ID LPAREN RPAREN tipo_retorno LBRACE RBRACE .)
    FALSE           reduce using rule 11 (funcao -> PUB FN ID LPAREN RPAREN tipo_retorno LBRACE RBRACE .)
    $end            reduce using rule 11 (funcao -> PUB FN ID LPAREN RPAREN tipo_retorno LBRACE RBRACE .)


state 156

    (25) params -> ID COLON tipo_retorno COMMA params .

    RPAREN          reduce using rule 25 (params -> ID COLON tipo_retorno COMMA params .)


state 157

    (7) funcao -> FN ID LPAREN params RPAREN tipo_retorno LBRACE decl_interna . RBRACE

    RBRACE          shift and go to state 183


state 158

    (10) funcao -> FN ID LPAREN params RPAREN tipo_retorno LBRACE RBRACE .

    PUB             reduce using rule 10 (funcao -> FN ID LPAREN params RPAREN tipo_retorno LBRACE RBRACE .)
    FN              reduce using rule 10 (funcao -> FN ID LPAREN params RPAREN tipo_retorno LBRACE RBRACE .)
    VAR             reduce using rule 10 (funcao -> FN ID LPAREN params RPAREN tipo_retorno LBRACE RBRACE .)
    CONST           reduce using rule 10 (funcao -> FN ID LPAREN params RPAREN tipo_retorno LBRACE RBRACE .)
    ID              reduce using rule 10 (funcao -> FN ID LPAREN params RPAREN tipo_retorno LBRACE RBRACE .)
    BUILTINIDENTIFIER reduce using rule 10 (funcao -> FN ID LPAREN params RPAREN tipo_retorno LBRACE RBRACE .)
    INTEGER         reduce using rule 10 (funcao -> FN ID LPAREN params RPAREN tipo_retorno LBRACE RBRACE .)
    TRUE            reduce using rule 10 (funcao -> FN ID LPAREN params RPAREN tipo_retorno LBRACE RBRACE .)
    FALSE           reduce using rule 10 (funcao -> FN ID LPAREN params RPAREN tipo_retorno LBRACE RBRACE .)
    $end            reduce using rule 10 (funcao -> FN ID LPAREN params RPAREN tipo_retorno LBRACE RBRACE .)


state 159

    (77) decl_interna -> ID EQUAL . expr SEMICOLON
    (82) decl_interna -> ID EQUAL . expr SEMICOLON decl_interna
    (47) expr -> . BUILTINIDENTIFIER LPAREN STRING RPAREN
    (48) expr -> . BUILTINIDENTIFIER LPAREN expr RPAREN DOT expr
    (49) expr -> . ID PLUS expr
    (50) expr -> . ID
    (51) expr -> . ID DOT expr
    (52) expr -> . call
    (53) expr -> . INTEGER
    (54) expr -> . ID MINUS expr
    (55) expr -> . ID SLASH expr
    (56) expr -> . ID ASTERISK expr
    (57) expr -> . ID RARROW expr
    (58) expr -> . ID LARROW expr
    (59) expr -> . ID PERCENT expr
    (60) expr -> . ID EQUALEQUAL expr
    (61) expr -> . ID AND expr
    (62) expr -> . ID OR expr
    (63) expr -> . TRUE
    (64) expr -> . FALSE
    (26) call -> . ID LPAREN args RPAREN
    (27) call -> . ID LPAREN RPAREN

    BUILTINIDENTIFIER shift and go to state 10
    ID              shift and go to state 48
    INTEGER         shift and go to state 12
    TRUE            shift and go to state 13
    FALSE           shift and go to state 14

    expr                           shift and go to state 184
    call                           shift and go to state 11

state 160

    (78) decl_interna -> ID PLUSEQUAL . expr SEMICOLON
    (83) decl_interna -> ID PLUSEQUAL . expr SEMICOLON decl_interna
    (47) expr -> . BUILTINIDENTIFIER LPAREN STRING RPAREN
    (48) expr -> . BUILTINIDENTIFIER LPAREN expr RPAREN DOT expr
    (49) expr -> . ID PLUS expr
    (50) expr -> . ID
    (51) expr -> . ID DOT expr
    (52) expr -> . call
    (53) expr -> . INTEGER
    (54) expr -> . ID MINUS expr
    (55) expr -> . ID SLASH expr
    (56) expr -> . ID ASTERISK expr
    (57) expr -> . ID RARROW expr
    (58) expr -> . ID LARROW expr
    (59) expr -> . ID PERCENT expr
    (60) expr -> . ID EQUALEQUAL expr
    (61) expr -> . ID AND expr
    (62) expr -> . ID OR expr
    (63) expr -> . TRUE
    (64) expr -> . FALSE
    (26) call -> . ID LPAREN args RPAREN
    (27) call -> . ID LPAREN RPAREN

    BUILTINIDENTIFIER shift and go to state 10
    ID              shift and go to state 48
    INTEGER         shift and go to state 12
    TRUE            shift and go to state 13
    FALSE           shift and go to state 14

    expr                           shift and go to state 185
    call                           shift and go to state 11

state 161

    (79) decl_interna -> ID PLUSPERCENT . expr SEMICOLON
    (84) decl_interna -> ID PLUSPERCENT . expr SEMICOLON decl_interna
    (47) expr -> . BUILTINIDENTIFIER LPAREN STRING RPAREN
    (48) expr -> . BUILTINIDENTIFIER LPAREN expr RPAREN DOT expr
    (49) expr -> . ID PLUS expr
    (50) expr -> . ID
    (51) expr -> . ID DOT expr
    (52) expr -> . call
    (53) expr -> . INTEGER
    (54) expr -> . ID MINUS expr
    (55) expr -> . ID SLASH expr
    (56) expr -> . ID ASTERISK expr
    (57) expr -> . ID RARROW expr
    (58) expr -> . ID LARROW expr
    (59) expr -> . ID PERCENT expr
    (60) expr -> . ID EQUALEQUAL expr
    (61) expr -> . ID AND expr
    (62) expr -> . ID OR expr
    (63) expr -> . TRUE
    (64) expr -> . FALSE
    (26) call -> . ID LPAREN args RPAREN
    (27) call -> . ID LPAREN RPAREN

    BUILTINIDENTIFIER shift and go to state 10
    ID              shift and go to state 48
    INTEGER         shift and go to state 12
    TRUE            shift and go to state 13
    FALSE           shift and go to state 14

    expr                           shift and go to state 186
    call                           shift and go to state 11

state 162

    (80) decl_interna -> ID PLUSPERCENTEQUAL . expr SEMICOLON
    (85) decl_interna -> ID PLUSPERCENTEQUAL . expr SEMICOLON decl_interna
    (47) expr -> . BUILTINIDENTIFIER LPAREN STRING RPAREN
    (48) expr -> . BUILTINIDENTIFIER LPAREN expr RPAREN DOT expr
    (49) expr -> . ID PLUS expr
    (50) expr -> . ID
    (51) expr -> . ID DOT expr
    (52) expr -> . call
    (53) expr -> . INTEGER
    (54) expr -> . ID MINUS expr
    (55) expr -> . ID SLASH expr
    (56) expr -> . ID ASTERISK expr
    (57) expr -> . ID RARROW expr
    (58) expr -> . ID LARROW expr
    (59) expr -> . ID PERCENT expr
    (60) expr -> . ID EQUALEQUAL expr
    (61) expr -> . ID AND expr
    (62) expr -> . ID OR expr
    (63) expr -> . TRUE
    (64) expr -> . FALSE
    (26) call -> . ID LPAREN args RPAREN
    (27) call -> . ID LPAREN RPAREN

    BUILTINIDENTIFIER shift and go to state 10
    ID              shift and go to state 48
    INTEGER         shift and go to state 12
    TRUE            shift and go to state 13
    FALSE           shift and go to state 14

    expr                           shift and go to state 187
    call                           shift and go to state 11

state 163

    (81) decl_interna -> ID PLUSPIPE . expr SEMICOLON
    (86) decl_interna -> ID PLUSPIPE . expr SEMICOLON decl_interna
    (47) expr -> . BUILTINIDENTIFIER LPAREN STRING RPAREN
    (48) expr -> . BUILTINIDENTIFIER LPAREN expr RPAREN DOT expr
    (49) expr -> . ID PLUS expr
    (50) expr -> . ID
    (51) expr -> . ID DOT expr
    (52) expr -> . call
    (53) expr -> . INTEGER
    (54) expr -> . ID MINUS expr
    (55) expr -> . ID SLASH expr
    (56) expr -> . ID ASTERISK expr
    (57) expr -> . ID RARROW expr
    (58) expr -> . ID LARROW expr
    (59) expr -> . ID PERCENT expr
    (60) expr -> . ID EQUALEQUAL expr
    (61) expr -> . ID AND expr
    (62) expr -> . ID OR expr
    (63) expr -> . TRUE
    (64) expr -> . FALSE
    (26) call -> . ID LPAREN args RPAREN
    (27) call -> . ID LPAREN RPAREN

    BUILTINIDENTIFIER shift and go to state 10
    ID              shift and go to state 48
    INTEGER         shift and go to state 12
    TRUE            shift and go to state 13
    FALSE           shift and go to state 14

    expr                           shift and go to state 188
    call                           shift and go to state 11

state 164

    (87) decl_interna -> ID PLUSPIPEEQUAL . expr SEMICOLON
    (93) decl_interna -> ID PLUSPIPEEQUAL . expr SEMICOLON decl_interna
    (47) expr -> . BUILTINIDENTIFIER LPAREN STRING RPAREN
    (48) expr -> . BUILTINIDENTIFIER LPAREN expr RPAREN DOT expr
    (49) expr -> . ID PLUS expr
    (50) expr -> . ID
    (51) expr -> . ID DOT expr
    (52) expr -> . call
    (53) expr -> . INTEGER
    (54) expr -> . ID MINUS expr
    (55) expr -> . ID SLASH expr
    (56) expr -> . ID ASTERISK expr
    (57) expr -> . ID RARROW expr
    (58) expr -> . ID LARROW expr
    (59) expr -> . ID PERCENT expr
    (60) expr -> . ID EQUALEQUAL expr
    (61) expr -> . ID AND expr
    (62) expr -> . ID OR expr
    (63) expr -> . TRUE
    (64) expr -> . FALSE
    (26) call -> . ID LPAREN args RPAREN
    (27) call -> . ID LPAREN RPAREN

    BUILTINIDENTIFIER shift and go to state 10
    ID              shift and go to state 48
    INTEGER         shift and go to state 12
    TRUE            shift and go to state 13
    FALSE           shift and go to state 14

    expr                           shift and go to state 189
    call                           shift and go to state 11

state 165

    (88) decl_interna -> ID MINUSEQUAL . expr SEMICOLON
    (94) decl_interna -> ID MINUSEQUAL . expr SEMICOLON decl_interna
    (47) expr -> . BUILTINIDENTIFIER LPAREN STRING RPAREN
    (48) expr -> . BUILTINIDENTIFIER LPAREN expr RPAREN DOT expr
    (49) expr -> . ID PLUS expr
    (50) expr -> . ID
    (51) expr -> . ID DOT expr
    (52) expr -> . call
    (53) expr -> . INTEGER
    (54) expr -> . ID MINUS expr
    (55) expr -> . ID SLASH expr
    (56) expr -> . ID ASTERISK expr
    (57) expr -> . ID RARROW expr
    (58) expr -> . ID LARROW expr
    (59) expr -> . ID PERCENT expr
    (60) expr -> . ID EQUALEQUAL expr
    (61) expr -> . ID AND expr
    (62) expr -> . ID OR expr
    (63) expr -> . TRUE
    (64) expr -> . FALSE
    (26) call -> . ID LPAREN args RPAREN
    (27) call -> . ID LPAREN RPAREN

    BUILTINIDENTIFIER shift and go to state 10
    ID              shift and go to state 48
    INTEGER         shift and go to state 12
    TRUE            shift and go to state 13
    FALSE           shift and go to state 14

    expr                           shift and go to state 190
    call                           shift and go to state 11

state 166

    (89) decl_interna -> ID MINUSPERCENT . expr SEMICOLON
    (95) decl_interna -> ID MINUSPERCENT . expr SEMICOLON decl_interna
    (47) expr -> . BUILTINIDENTIFIER LPAREN STRING RPAREN
    (48) expr -> . BUILTINIDENTIFIER LPAREN expr RPAREN DOT expr
    (49) expr -> . ID PLUS expr
    (50) expr -> . ID
    (51) expr -> . ID DOT expr
    (52) expr -> . call
    (53) expr -> . INTEGER
    (54) expr -> . ID MINUS expr
    (55) expr -> . ID SLASH expr
    (56) expr -> . ID ASTERISK expr
    (57) expr -> . ID RARROW expr
    (58) expr -> . ID LARROW expr
    (59) expr -> . ID PERCENT expr
    (60) expr -> . ID EQUALEQUAL expr
    (61) expr -> . ID AND expr
    (62) expr -> . ID OR expr
    (63) expr -> . TRUE
    (64) expr -> . FALSE
    (26) call -> . ID LPAREN args RPAREN
    (27) call -> . ID LPAREN RPAREN

    BUILTINIDENTIFIER shift and go to state 10
    ID              shift and go to state 48
    INTEGER         shift and go to state 12
    TRUE            shift and go to state 13
    FALSE           shift and go to state 14

    expr                           shift and go to state 191
    call                           shift and go to state 11

state 167

    (90) decl_interna -> ID MINUSPERCENTEQUAL . expr SEMICOLON
    (96) decl_interna -> ID MINUSPERCENTEQUAL . expr SEMICOLON decl_interna
    (47) expr -> . BUILTINIDENTIFIER LPAREN STRING RPAREN
    (48) expr -> . BUILTINIDENTIFIER LPAREN expr RPAREN DOT expr
    (49) expr -> . ID PLUS expr
    (50) expr -> . ID
    (51) expr -> . ID DOT expr
    (52) expr -> . call
    (53) expr -> . INTEGER
    (54) expr -> . ID MINUS expr
    (55) expr -> . ID SLASH expr
    (56) expr -> . ID ASTERISK expr
    (57) expr -> . ID RARROW expr
    (58) expr -> . ID LARROW expr
    (59) expr -> . ID PERCENT expr
    (60) expr -> . ID EQUALEQUAL expr
    (61) expr -> . ID AND expr
    (62) expr -> . ID OR expr
    (63) expr -> . TRUE
    (64) expr -> . FALSE
    (26) call -> . ID LPAREN args RPAREN
    (27) call -> . ID LPAREN RPAREN

    BUILTINIDENTIFIER shift and go to state 10
    ID              shift and go to state 48
    INTEGER         shift and go to state 12
    TRUE            shift and go to state 13
    FALSE           shift and go to state 14

    expr                           shift and go to state 192
    call                           shift and go to state 11

state 168

    (91) decl_interna -> ID MINUSPIPE . expr SEMICOLON
    (97) decl_interna -> ID MINUSPIPE . expr SEMICOLON decl_interna
    (47) expr -> . BUILTINIDENTIFIER LPAREN STRING RPAREN
    (48) expr -> . BUILTINIDENTIFIER LPAREN expr RPAREN DOT expr
    (49) expr -> . ID PLUS expr
    (50) expr -> . ID
    (51) expr -> . ID DOT expr
    (52) expr -> . call
    (53) expr -> . INTEGER
    (54) expr -> . ID MINUS expr
    (55) expr -> . ID SLASH expr
    (56) expr -> . ID ASTERISK expr
    (57) expr -> . ID RARROW expr
    (58) expr -> . ID LARROW expr
    (59) expr -> . ID PERCENT expr
    (60) expr -> . ID EQUALEQUAL expr
    (61) expr -> . ID AND expr
    (62) expr -> . ID OR expr
    (63) expr -> . TRUE
    (64) expr -> . FALSE
    (26) call -> . ID LPAREN args RPAREN
    (27) call -> . ID LPAREN RPAREN

    BUILTINIDENTIFIER shift and go to state 10
    ID              shift and go to state 48
    INTEGER         shift and go to state 12
    TRUE            shift and go to state 13
    FALSE           shift and go to state 14

    expr                           shift and go to state 193
    call                           shift and go to state 11

state 169

    (92) decl_interna -> ID MINUSPIPEEQUAL . expr SEMICOLON
    (98) decl_interna -> ID MINUSPIPEEQUAL . expr SEMICOLON decl_interna
    (47) expr -> . BUILTINIDENTIFIER LPAREN STRING RPAREN
    (48) expr -> . BUILTINIDENTIFIER LPAREN expr RPAREN DOT expr
    (49) expr -> . ID PLUS expr
    (50) expr -> . ID
    (51) expr -> . ID DOT expr
    (52) expr -> . call
    (53) expr -> . INTEGER
    (54) expr -> . ID MINUS expr
    (55) expr -> . ID SLASH expr
    (56) expr -> . ID ASTERISK expr
    (57) expr -> . ID RARROW expr
    (58) expr -> . ID LARROW expr
    (59) expr -> . ID PERCENT expr
    (60) expr -> . ID EQUALEQUAL expr
    (61) expr -> . ID AND expr
    (62) expr -> . ID OR expr
    (63) expr -> . TRUE
    (64) expr -> . FALSE
    (26) call -> . ID LPAREN args RPAREN
    (27) call -> . ID LPAREN RPAREN

    BUILTINIDENTIFIER shift and go to state 10
    ID              shift and go to state 48
    INTEGER         shift and go to state 12
    TRUE            shift and go to state 13
    FALSE           shift and go to state 14

    expr                           shift and go to state 194
    call                           shift and go to state 11

state 170

    (8) funcao -> FN ID LPAREN RPAREN tipo_retorno LBRACE decl_interna RBRACE .

    PUB             reduce using rule 8 (funcao -> FN ID LPAREN RPAREN tipo_retorno LBRACE decl_interna RBRACE .)
    FN              reduce using rule 8 (funcao -> FN ID LPAREN RPAREN tipo_retorno LBRACE decl_interna RBRACE .)
    VAR             reduce using rule 8 (funcao -> FN ID LPAREN RPAREN tipo_retorno LBRACE decl_interna RBRACE .)
    CONST           reduce using rule 8 (funcao -> FN ID LPAREN RPAREN tipo_retorno LBRACE decl_interna RBRACE .)
    ID              reduce using rule 8 (funcao -> FN ID LPAREN RPAREN tipo_retorno LBRACE decl_interna RBRACE .)
    BUILTINIDENTIFIER reduce using rule 8 (funcao -> FN ID LPAREN RPAREN tipo_retorno LBRACE decl_interna RBRACE .)
    INTEGER         reduce using rule 8 (funcao -> FN ID LPAREN RPAREN tipo_retorno LBRACE decl_interna RBRACE .)
    TRUE            reduce using rule 8 (funcao -> FN ID LPAREN RPAREN tipo_retorno LBRACE decl_interna RBRACE .)
    FALSE           reduce using rule 8 (funcao -> FN ID LPAREN RPAREN tipo_retorno LBRACE decl_interna RBRACE .)
    $end            reduce using rule 8 (funcao -> FN ID LPAREN RPAREN tipo_retorno LBRACE decl_interna RBRACE .)


state 171

    (65) decl_interna -> BREAK SEMICOLON .
    (100) decl_interna -> BREAK SEMICOLON . decl_interna
    (65) decl_interna -> . BREAK SEMICOLON
    (66) decl_interna -> . RETURN expr SEMICOLON
    (67) decl_interna -> . WHILE LPAREN expr RPAREN LBRACE decl_interna RBRACE
    (68) decl_interna -> . FOR LPAREN INTEGER DOT2 INTEGER RPAREN PIPE ID PIPE LBRACE decl_interna RBRACE
    (69) decl_interna -> . expr SEMICOLON
    (70) decl_interna -> . IF LPAREN expr RPAREN LBRACE decl_interna RBRACE
    (71) decl_interna -> . VAR ID COLON tipo_retorno EQUAL expr SEMICOLON
    (72) decl_interna -> . CONST ID EQUAL expr SEMICOLON
    (73) decl_interna -> . CONST ID COLON tipo_retorno EQUAL expr SEMICOLON
    (74) decl_interna -> . VAR ID COLON tipo_retorno EQUAL expr SEMICOLON decl_interna
    (75) decl_interna -> . CONST ID EQUAL expr SEMICOLON decl_interna
    (76) decl_interna -> . CONST ID COLON tipo_retorno EQUAL expr SEMICOLON decl_interna
    (77) decl_interna -> . ID EQUAL expr SEMICOLON
    (78) decl_interna -> . ID PLUSEQUAL expr SEMICOLON
    (79) decl_interna -> . ID PLUSPERCENT expr SEMICOLON
    (80) decl_interna -> . ID PLUSPERCENTEQUAL expr SEMICOLON
    (81) decl_interna -> . ID PLUSPIPE expr SEMICOLON
    (82) decl_interna -> . ID EQUAL expr SEMICOLON decl_interna
    (83) decl_interna -> . ID PLUSEQUAL expr SEMICOLON decl_interna
    (84) decl_interna -> . ID PLUSPERCENT expr SEMICOLON decl_interna
    (85) decl_interna -> . ID PLUSPERCENTEQUAL expr SEMICOLON decl_interna
    (86) decl_interna -> . ID PLUSPIPE expr SEMICOLON decl_interna
    (87) decl_interna -> . ID PLUSPIPEEQUAL expr SEMICOLON
    (88) decl_interna -> . ID MINUSEQUAL expr SEMICOLON
    (89) decl_interna -> . ID MINUSPERCENT expr SEMICOLON
    (90) decl_interna -> . ID MINUSPERCENTEQUAL expr SEMICOLON
    (91) decl_interna -> . ID MINUSPIPE expr SEMICOLON
    (92) decl_interna -> . ID MINUSPIPEEQUAL expr SEMICOLON
    (93) decl_interna -> . ID PLUSPIPEEQUAL expr SEMICOLON decl_interna
    (94) decl_interna -> . ID MINUSEQUAL expr SEMICOLON decl_interna
    (95) decl_interna -> . ID MINUSPERCENT expr SEMICOLON decl_interna
    (96) decl_interna -> . ID MINUSPERCENTEQUAL expr SEMICOLON decl_interna
    (97) decl_interna -> . ID MINUSPIPE expr SEMICOLON decl_interna
    (98) decl_interna -> . ID MINUSPIPEEQUAL expr SEMICOLON decl_interna
    (99) decl_interna -> . expr SEMICOLON decl_interna
    (100) decl_interna -> . BREAK SEMICOLON decl_interna
    (101) decl_interna -> . RETURN expr SEMICOLON decl_interna
    (102) decl_interna -> . WHILE LPAREN expr RPAREN LBRACE decl_interna RBRACE decl_interna
    (103) decl_interna -> . FOR LPAREN INTEGER DOT2 INTEGER RPAREN PIPE ID PIPE LBRACE decl_interna RBRACE decl_interna
    (104) decl_interna -> . IF LPAREN expr RPAREN LBRACE decl_interna RBRACE decl_interna
    (47) expr -> . BUILTINIDENTIFIER LPAREN STRING RPAREN
    (48) expr -> . BUILTINIDENTIFIER LPAREN expr RPAREN DOT expr
    (49) expr -> . ID PLUS expr
    (50) expr -> . ID
    (51) expr -> . ID DOT expr
    (52) expr -> . call
    (53) expr -> . INTEGER
    (54) expr -> . ID MINUS expr
    (55) expr -> . ID SLASH expr
    (56) expr -> . ID ASTERISK expr
    (57) expr -> . ID RARROW expr
    (58) expr -> . ID LARROW expr
    (59) expr -> . ID PERCENT expr
    (60) expr -> . ID EQUALEQUAL expr
    (61) expr -> . ID AND expr
    (62) expr -> . ID OR expr
    (63) expr -> . TRUE
    (64) expr -> . FALSE
    (26) call -> . ID LPAREN args RPAREN
    (27) call -> . ID LPAREN RPAREN

    RBRACE          reduce using rule 65 (decl_interna -> BREAK SEMICOLON .)
    BREAK           shift and go to state 141
    RETURN          shift and go to state 142
    WHILE           shift and go to state 144
    FOR             shift and go to state 145
    IF              shift and go to state 146
    VAR             shift and go to state 147
    CONST           shift and go to state 148
    ID              shift and go to state 138
    BUILTINIDENTIFIER shift and go to state 10
    INTEGER         shift and go to state 12
    TRUE            shift and go to state 13
    FALSE           shift and go to state 14

    decl_interna                   shift and go to state 195
    expr                           shift and go to state 143
    call                           shift and go to state 11

state 172

    (66) decl_interna -> RETURN expr . SEMICOLON
    (101) decl_interna -> RETURN expr . SEMICOLON decl_interna

    SEMICOLON       shift and go to state 196


state 173

    (69) decl_interna -> expr SEMICOLON .
    (99) decl_interna -> expr SEMICOLON . decl_interna
    (65) decl_interna -> . BREAK SEMICOLON
    (66) decl_interna -> . RETURN expr SEMICOLON
    (67) decl_interna -> . WHILE LPAREN expr RPAREN LBRACE decl_interna RBRACE
    (68) decl_interna -> . FOR LPAREN INTEGER DOT2 INTEGER RPAREN PIPE ID PIPE LBRACE decl_interna RBRACE
    (69) decl_interna -> . expr SEMICOLON
    (70) decl_interna -> . IF LPAREN expr RPAREN LBRACE decl_interna RBRACE
    (71) decl_interna -> . VAR ID COLON tipo_retorno EQUAL expr SEMICOLON
    (72) decl_interna -> . CONST ID EQUAL expr SEMICOLON
    (73) decl_interna -> . CONST ID COLON tipo_retorno EQUAL expr SEMICOLON
    (74) decl_interna -> . VAR ID COLON tipo_retorno EQUAL expr SEMICOLON decl_interna
    (75) decl_interna -> . CONST ID EQUAL expr SEMICOLON decl_interna
    (76) decl_interna -> . CONST ID COLON tipo_retorno EQUAL expr SEMICOLON decl_interna
    (77) decl_interna -> . ID EQUAL expr SEMICOLON
    (78) decl_interna -> . ID PLUSEQUAL expr SEMICOLON
    (79) decl_interna -> . ID PLUSPERCENT expr SEMICOLON
    (80) decl_interna -> . ID PLUSPERCENTEQUAL expr SEMICOLON
    (81) decl_interna -> . ID PLUSPIPE expr SEMICOLON
    (82) decl_interna -> . ID EQUAL expr SEMICOLON decl_interna
    (83) decl_interna -> . ID PLUSEQUAL expr SEMICOLON decl_interna
    (84) decl_interna -> . ID PLUSPERCENT expr SEMICOLON decl_interna
    (85) decl_interna -> . ID PLUSPERCENTEQUAL expr SEMICOLON decl_interna
    (86) decl_interna -> . ID PLUSPIPE expr SEMICOLON decl_interna
    (87) decl_interna -> . ID PLUSPIPEEQUAL expr SEMICOLON
    (88) decl_interna -> . ID MINUSEQUAL expr SEMICOLON
    (89) decl_interna -> . ID MINUSPERCENT expr SEMICOLON
    (90) decl_interna -> . ID MINUSPERCENTEQUAL expr SEMICOLON
    (91) decl_interna -> . ID MINUSPIPE expr SEMICOLON
    (92) decl_interna -> . ID MINUSPIPEEQUAL expr SEMICOLON
    (93) decl_interna -> . ID PLUSPIPEEQUAL expr SEMICOLON decl_interna
    (94) decl_interna -> . ID MINUSEQUAL expr SEMICOLON decl_interna
    (95) decl_interna -> . ID MINUSPERCENT expr SEMICOLON decl_interna
    (96) decl_interna -> . ID MINUSPERCENTEQUAL expr SEMICOLON decl_interna
    (97) decl_interna -> . ID MINUSPIPE expr SEMICOLON decl_interna
    (98) decl_interna -> . ID MINUSPIPEEQUAL expr SEMICOLON decl_interna
    (99) decl_interna -> . expr SEMICOLON decl_interna
    (100) decl_interna -> . BREAK SEMICOLON decl_interna
    (101) decl_interna -> . RETURN expr SEMICOLON decl_interna
    (102) decl_interna -> . WHILE LPAREN expr RPAREN LBRACE decl_interna RBRACE decl_interna
    (103) decl_interna -> . FOR LPAREN INTEGER DOT2 INTEGER RPAREN PIPE ID PIPE LBRACE decl_interna RBRACE decl_interna
    (104) decl_interna -> . IF LPAREN expr RPAREN LBRACE decl_interna RBRACE decl_interna
    (47) expr -> . BUILTINIDENTIFIER LPAREN STRING RPAREN
    (48) expr -> . BUILTINIDENTIFIER LPAREN expr RPAREN DOT expr
    (49) expr -> . ID PLUS expr
    (50) expr -> . ID
    (51) expr -> . ID DOT expr
    (52) expr -> . call
    (53) expr -> . INTEGER
    (54) expr -> . ID MINUS expr
    (55) expr -> . ID SLASH expr
    (56) expr -> . ID ASTERISK expr
    (57) expr -> . ID RARROW expr
    (58) expr -> . ID LARROW expr
    (59) expr -> . ID PERCENT expr
    (60) expr -> . ID EQUALEQUAL expr
    (61) expr -> . ID AND expr
    (62) expr -> . ID OR expr
    (63) expr -> . TRUE
    (64) expr -> . FALSE
    (26) call -> . ID LPAREN args RPAREN
    (27) call -> . ID LPAREN RPAREN

    RBRACE          reduce using rule 69 (decl_interna -> expr SEMICOLON .)
    BREAK           shift and go to state 141
    RETURN          shift and go to state 142
    WHILE           shift and go to state 144
    FOR             shift and go to state 145
    IF              shift and go to state 146
    VAR             shift and go to state 147
    CONST           shift and go to state 148
    ID              shift and go to state 138
    BUILTINIDENTIFIER shift and go to state 10
    INTEGER         shift and go to state 12
    TRUE            shift and go to state 13
    FALSE           shift and go to state 14

    expr                           shift and go to state 143
    decl_interna                   shift and go to state 197
    call                           shift and go to state 11

state 174

    (67) decl_interna -> WHILE LPAREN . expr RPAREN LBRACE decl_interna RBRACE
    (102) decl_interna -> WHILE LPAREN . expr RPAREN LBRACE decl_interna RBRACE decl_interna
    (47) expr -> . BUILTINIDENTIFIER LPAREN STRING RPAREN
    (48) expr -> . BUILTINIDENTIFIER LPAREN expr RPAREN DOT expr
    (49) expr -> . ID PLUS expr
    (50) expr -> . ID
    (51) expr -> . ID DOT expr
    (52) expr -> . call
    (53) expr -> . INTEGER
    (54) expr -> . ID MINUS expr
    (55) expr -> . ID SLASH expr
    (56) expr -> . ID ASTERISK expr
    (57) expr -> . ID RARROW expr
    (58) expr -> . ID LARROW expr
    (59) expr -> . ID PERCENT expr
    (60) expr -> . ID EQUALEQUAL expr
    (61) expr -> . ID AND expr
    (62) expr -> . ID OR expr
    (63) expr -> . TRUE
    (64) expr -> . FALSE
    (26) call -> . ID LPAREN args RPAREN
    (27) call -> . ID LPAREN RPAREN

    BUILTINIDENTIFIER shift and go to state 10
    ID              shift and go to state 48
    INTEGER         shift and go to state 12
    TRUE            shift and go to state 13
    FALSE           shift and go to state 14

    expr                           shift and go to state 198
    call                           shift and go to state 11

state 175

    (68) decl_interna -> FOR LPAREN . INTEGER DOT2 INTEGER RPAREN PIPE ID PIPE LBRACE decl_interna RBRACE
    (103) decl_interna -> FOR LPAREN . INTEGER DOT2 INTEGER RPAREN PIPE ID PIPE LBRACE decl_interna RBRACE decl_interna

    INTEGER         shift and go to state 199


state 176

    (70) decl_interna -> IF LPAREN . expr RPAREN LBRACE decl_interna RBRACE
    (104) decl_interna -> IF LPAREN . expr RPAREN LBRACE decl_interna RBRACE decl_interna
    (47) expr -> . BUILTINIDENTIFIER LPAREN STRING RPAREN
    (48) expr -> . BUILTINIDENTIFIER LPAREN expr RPAREN DOT expr
    (49) expr -> . ID PLUS expr
    (50) expr -> . ID
    (51) expr -> . ID DOT expr
    (52) expr -> . call
    (53) expr -> . INTEGER
    (54) expr -> . ID MINUS expr
    (55) expr -> . ID SLASH expr
    (56) expr -> . ID ASTERISK expr
    (57) expr -> . ID RARROW expr
    (58) expr -> . ID LARROW expr
    (59) expr -> . ID PERCENT expr
    (60) expr -> . ID EQUALEQUAL expr
    (61) expr -> . ID AND expr
    (62) expr -> . ID OR expr
    (63) expr -> . TRUE
    (64) expr -> . FALSE
    (26) call -> . ID LPAREN args RPAREN
    (27) call -> . ID LPAREN RPAREN

    BUILTINIDENTIFIER shift and go to state 10
    ID              shift and go to state 48
    INTEGER         shift and go to state 12
    TRUE            shift and go to state 13
    FALSE           shift and go to state 14

    expr                           shift and go to state 200
    call                           shift and go to state 11

state 177

    (71) decl_interna -> VAR ID . COLON tipo_retorno EQUAL expr SEMICOLON
    (74) decl_interna -> VAR ID . COLON tipo_retorno EQUAL expr SEMICOLON decl_interna

    COLON           shift and go to state 201


state 178

    (72) decl_interna -> CONST ID . EQUAL expr SEMICOLON
    (73) decl_interna -> CONST ID . COLON tipo_retorno EQUAL expr SEMICOLON
    (75) decl_interna -> CONST ID . EQUAL expr SEMICOLON decl_interna
    (76) decl_interna -> CONST ID . COLON tipo_retorno EQUAL expr SEMICOLON decl_interna

    EQUAL           shift and go to state 202
    COLON           shift and go to state 203


state 179

    (30) args -> STRING COMMA DOT LBRACE args RBRACE .

    RPAREN          reduce using rule 30 (args -> STRING COMMA DOT LBRACE args RBRACE .)
    RBRACE          reduce using rule 30 (args -> STRING COMMA DOT LBRACE args RBRACE .)


state 180

    (5) funcao -> PUB FN ID LPAREN params RPAREN tipo_retorno LBRACE decl_interna . RBRACE

    RBRACE          shift and go to state 204


state 181

    (9) funcao -> PUB FN ID LPAREN params RPAREN tipo_retorno LBRACE RBRACE .

    PUB             reduce using rule 9 (funcao -> PUB FN ID LPAREN params RPAREN tipo_retorno LBRACE RBRACE .)
    FN              reduce using rule 9 (funcao -> PUB FN ID LPAREN params RPAREN tipo_retorno LBRACE RBRACE .)
    VAR             reduce using rule 9 (funcao -> PUB FN ID LPAREN params RPAREN tipo_retorno LBRACE RBRACE .)
    CONST           reduce using rule 9 (funcao -> PUB FN ID LPAREN params RPAREN tipo_retorno LBRACE RBRACE .)
    ID              reduce using rule 9 (funcao -> PUB FN ID LPAREN params RPAREN tipo_retorno LBRACE RBRACE .)
    BUILTINIDENTIFIER reduce using rule 9 (funcao -> PUB FN ID LPAREN params RPAREN tipo_retorno LBRACE RBRACE .)
    INTEGER         reduce using rule 9 (funcao -> PUB FN ID LPAREN params RPAREN tipo_retorno LBRACE RBRACE .)
    TRUE            reduce using rule 9 (funcao -> PUB FN ID LPAREN params RPAREN tipo_retorno LBRACE RBRACE .)
    FALSE           reduce using rule 9 (funcao -> PUB FN ID LPAREN params RPAREN tipo_retorno LBRACE RBRACE .)
    $end            reduce using rule 9 (funcao -> PUB FN ID LPAREN params RPAREN tipo_retorno LBRACE RBRACE .)


state 182

    (6) funcao -> PUB FN ID LPAREN RPAREN tipo_retorno LBRACE decl_interna RBRACE .

    PUB             reduce using rule 6 (funcao -> PUB FN ID LPAREN RPAREN tipo_retorno LBRACE decl_interna RBRACE .)
    FN              reduce using rule 6 (funcao -> PUB FN ID LPAREN RPAREN tipo_retorno LBRACE decl_interna RBRACE .)
    VAR             reduce using rule 6 (funcao -> PUB FN ID LPAREN RPAREN tipo_retorno LBRACE decl_interna RBRACE .)
    CONST           reduce using rule 6 (funcao -> PUB FN ID LPAREN RPAREN tipo_retorno LBRACE decl_interna RBRACE .)
    ID              reduce using rule 6 (funcao -> PUB FN ID LPAREN RPAREN tipo_retorno LBRACE decl_interna RBRACE .)
    BUILTINIDENTIFIER reduce using rule 6 (funcao -> PUB FN ID LPAREN RPAREN tipo_retorno LBRACE decl_interna RBRACE .)
    INTEGER         reduce using rule 6 (funcao -> PUB FN ID LPAREN RPAREN tipo_retorno LBRACE decl_interna RBRACE .)
    TRUE            reduce using rule 6 (funcao -> PUB FN ID LPAREN RPAREN tipo_retorno LBRACE decl_interna RBRACE .)
    FALSE           reduce using rule 6 (funcao -> PUB FN ID LPAREN RPAREN tipo_retorno LBRACE decl_interna RBRACE .)
    $end            reduce using rule 6 (funcao -> PUB FN ID LPAREN RPAREN tipo_retorno LBRACE decl_interna RBRACE .)


state 183

    (7) funcao -> FN ID LPAREN params RPAREN tipo_retorno LBRACE decl_interna RBRACE .

    PUB             reduce using rule 7 (funcao -> FN ID LPAREN params RPAREN tipo_retorno LBRACE decl_interna RBRACE .)
    FN              reduce using rule 7 (funcao -> FN ID LPAREN params RPAREN tipo_retorno LBRACE decl_interna RBRACE .)
    VAR             reduce using rule 7 (funcao -> FN ID LPAREN params RPAREN tipo_retorno LBRACE decl_interna RBRACE .)
    CONST           reduce using rule 7 (funcao -> FN ID LPAREN params RPAREN tipo_retorno LBRACE decl_interna RBRACE .)
    ID              reduce using rule 7 (funcao -> FN ID LPAREN params RPAREN tipo_retorno LBRACE decl_interna RBRACE .)
    BUILTINIDENTIFIER reduce using rule 7 (funcao -> FN ID LPAREN params RPAREN tipo_retorno LBRACE decl_interna RBRACE .)
    INTEGER         reduce using rule 7 (funcao -> FN ID LPAREN params RPAREN tipo_retorno LBRACE decl_interna RBRACE .)
    TRUE            reduce using rule 7 (funcao -> FN ID LPAREN params RPAREN tipo_retorno LBRACE decl_interna RBRACE .)
    FALSE           reduce using rule 7 (funcao -> FN ID LPAREN params RPAREN tipo_retorno LBRACE decl_interna RBRACE .)
    $end            reduce using rule 7 (funcao -> FN ID LPAREN params RPAREN tipo_retorno LBRACE decl_interna RBRACE .)


state 184

    (77) decl_interna -> ID EQUAL expr . SEMICOLON
    (82) decl_interna -> ID EQUAL expr . SEMICOLON decl_interna

    SEMICOLON       shift and go to state 205


state 185

    (78) decl_interna -> ID PLUSEQUAL expr . SEMICOLON
    (83) decl_interna -> ID PLUSEQUAL expr . SEMICOLON decl_interna

    SEMICOLON       shift and go to state 206


state 186

    (79) decl_interna -> ID PLUSPERCENT expr . SEMICOLON
    (84) decl_interna -> ID PLUSPERCENT expr . SEMICOLON decl_interna

    SEMICOLON       shift and go to state 207


state 187

    (80) decl_interna -> ID PLUSPERCENTEQUAL expr . SEMICOLON
    (85) decl_interna -> ID PLUSPERCENTEQUAL expr . SEMICOLON decl_interna

    SEMICOLON       shift and go to state 208


state 188

    (81) decl_interna -> ID PLUSPIPE expr . SEMICOLON
    (86) decl_interna -> ID PLUSPIPE expr . SEMICOLON decl_interna

    SEMICOLON       shift and go to state 209


state 189

    (87) decl_interna -> ID PLUSPIPEEQUAL expr . SEMICOLON
    (93) decl_interna -> ID PLUSPIPEEQUAL expr . SEMICOLON decl_interna

    SEMICOLON       shift and go to state 210


state 190

    (88) decl_interna -> ID MINUSEQUAL expr . SEMICOLON
    (94) decl_interna -> ID MINUSEQUAL expr . SEMICOLON decl_interna

    SEMICOLON       shift and go to state 211


state 191

    (89) decl_interna -> ID MINUSPERCENT expr . SEMICOLON
    (95) decl_interna -> ID MINUSPERCENT expr . SEMICOLON decl_interna

    SEMICOLON       shift and go to state 212


state 192

    (90) decl_interna -> ID MINUSPERCENTEQUAL expr . SEMICOLON
    (96) decl_interna -> ID MINUSPERCENTEQUAL expr . SEMICOLON decl_interna

    SEMICOLON       shift and go to state 213


state 193

    (91) decl_interna -> ID MINUSPIPE expr . SEMICOLON
    (97) decl_interna -> ID MINUSPIPE expr . SEMICOLON decl_interna

    SEMICOLON       shift and go to state 214


state 194

    (92) decl_interna -> ID MINUSPIPEEQUAL expr . SEMICOLON
    (98) decl_interna -> ID MINUSPIPEEQUAL expr . SEMICOLON decl_interna

    SEMICOLON       shift and go to state 215


state 195

    (100) decl_interna -> BREAK SEMICOLON decl_interna .

    RBRACE          reduce using rule 100 (decl_interna -> BREAK SEMICOLON decl_interna .)


state 196

    (66) decl_interna -> RETURN expr SEMICOLON .
    (101) decl_interna -> RETURN expr SEMICOLON . decl_interna
    (65) decl_interna -> . BREAK SEMICOLON
    (66) decl_interna -> . RETURN expr SEMICOLON
    (67) decl_interna -> . WHILE LPAREN expr RPAREN LBRACE decl_interna RBRACE
    (68) decl_interna -> . FOR LPAREN INTEGER DOT2 INTEGER RPAREN PIPE ID PIPE LBRACE decl_interna RBRACE
    (69) decl_interna -> . expr SEMICOLON
    (70) decl_interna -> . IF LPAREN expr RPAREN LBRACE decl_interna RBRACE
    (71) decl_interna -> . VAR ID COLON tipo_retorno EQUAL expr SEMICOLON
    (72) decl_interna -> . CONST ID EQUAL expr SEMICOLON
    (73) decl_interna -> . CONST ID COLON tipo_retorno EQUAL expr SEMICOLON
    (74) decl_interna -> . VAR ID COLON tipo_retorno EQUAL expr SEMICOLON decl_interna
    (75) decl_interna -> . CONST ID EQUAL expr SEMICOLON decl_interna
    (76) decl_interna -> . CONST ID COLON tipo_retorno EQUAL expr SEMICOLON decl_interna
    (77) decl_interna -> . ID EQUAL expr SEMICOLON
    (78) decl_interna -> . ID PLUSEQUAL expr SEMICOLON
    (79) decl_interna -> . ID PLUSPERCENT expr SEMICOLON
    (80) decl_interna -> . ID PLUSPERCENTEQUAL expr SEMICOLON
    (81) decl_interna -> . ID PLUSPIPE expr SEMICOLON
    (82) decl_interna -> . ID EQUAL expr SEMICOLON decl_interna
    (83) decl_interna -> . ID PLUSEQUAL expr SEMICOLON decl_interna
    (84) decl_interna -> . ID PLUSPERCENT expr SEMICOLON decl_interna
    (85) decl_interna -> . ID PLUSPERCENTEQUAL expr SEMICOLON decl_interna
    (86) decl_interna -> . ID PLUSPIPE expr SEMICOLON decl_interna
    (87) decl_interna -> . ID PLUSPIPEEQUAL expr SEMICOLON
    (88) decl_interna -> . ID MINUSEQUAL expr SEMICOLON
    (89) decl_interna -> . ID MINUSPERCENT expr SEMICOLON
    (90) decl_interna -> . ID MINUSPERCENTEQUAL expr SEMICOLON
    (91) decl_interna -> . ID MINUSPIPE expr SEMICOLON
    (92) decl_interna -> . ID MINUSPIPEEQUAL expr SEMICOLON
    (93) decl_interna -> . ID PLUSPIPEEQUAL expr SEMICOLON decl_interna
    (94) decl_interna -> . ID MINUSEQUAL expr SEMICOLON decl_interna
    (95) decl_interna -> . ID MINUSPERCENT expr SEMICOLON decl_interna
    (96) decl_interna -> . ID MINUSPERCENTEQUAL expr SEMICOLON decl_interna
    (97) decl_interna -> . ID MINUSPIPE expr SEMICOLON decl_interna
    (98) decl_interna -> . ID MINUSPIPEEQUAL expr SEMICOLON decl_interna
    (99) decl_interna -> . expr SEMICOLON decl_interna
    (100) decl_interna -> . BREAK SEMICOLON decl_interna
    (101) decl_interna -> . RETURN expr SEMICOLON decl_interna
    (102) decl_interna -> . WHILE LPAREN expr RPAREN LBRACE decl_interna RBRACE decl_interna
    (103) decl_interna -> . FOR LPAREN INTEGER DOT2 INTEGER RPAREN PIPE ID PIPE LBRACE decl_interna RBRACE decl_interna
    (104) decl_interna -> . IF LPAREN expr RPAREN LBRACE decl_interna RBRACE decl_interna
    (47) expr -> . BUILTINIDENTIFIER LPAREN STRING RPAREN
    (48) expr -> . BUILTINIDENTIFIER LPAREN expr RPAREN DOT expr
    (49) expr -> . ID PLUS expr
    (50) expr -> . ID
    (51) expr -> . ID DOT expr
    (52) expr -> . call
    (53) expr -> . INTEGER
    (54) expr -> . ID MINUS expr
    (55) expr -> . ID SLASH expr
    (56) expr -> . ID ASTERISK expr
    (57) expr -> . ID RARROW expr
    (58) expr -> . ID LARROW expr
    (59) expr -> . ID PERCENT expr
    (60) expr -> . ID EQUALEQUAL expr
    (61) expr -> . ID AND expr
    (62) expr -> . ID OR expr
    (63) expr -> . TRUE
    (64) expr -> . FALSE
    (26) call -> . ID LPAREN args RPAREN
    (27) call -> . ID LPAREN RPAREN

    RBRACE          reduce using rule 66 (decl_interna -> RETURN expr SEMICOLON .)
    BREAK           shift and go to state 141
    RETURN          shift and go to state 142
    WHILE           shift and go to state 144
    FOR             shift and go to state 145
    IF              shift and go to state 146
    VAR             shift and go to state 147
    CONST           shift and go to state 148
    ID              shift and go to state 138
    BUILTINIDENTIFIER shift and go to state 10
    INTEGER         shift and go to state 12
    TRUE            shift and go to state 13
    FALSE           shift and go to state 14

    expr                           shift and go to state 143
    decl_interna                   shift and go to state 216
    call                           shift and go to state 11

state 197

    (99) decl_interna -> expr SEMICOLON decl_interna .

    RBRACE          reduce using rule 99 (decl_interna -> expr SEMICOLON decl_interna .)


state 198

    (67) decl_interna -> WHILE LPAREN expr . RPAREN LBRACE decl_interna RBRACE
    (102) decl_interna -> WHILE LPAREN expr . RPAREN LBRACE decl_interna RBRACE decl_interna

    RPAREN          shift and go to state 217


state 199

    (68) decl_interna -> FOR LPAREN INTEGER . DOT2 INTEGER RPAREN PIPE ID PIPE LBRACE decl_interna RBRACE
    (103) decl_interna -> FOR LPAREN INTEGER . DOT2 INTEGER RPAREN PIPE ID PIPE LBRACE decl_interna RBRACE decl_interna

    DOT2            shift and go to state 218


state 200

    (70) decl_interna -> IF LPAREN expr . RPAREN LBRACE decl_interna RBRACE
    (104) decl_interna -> IF LPAREN expr . RPAREN LBRACE decl_interna RBRACE decl_interna

    RPAREN          shift and go to state 219


state 201

    (71) decl_interna -> VAR ID COLON . tipo_retorno EQUAL expr SEMICOLON
    (74) decl_interna -> VAR ID COLON . tipo_retorno EQUAL expr SEMICOLON decl_interna
    (13) tipo_retorno -> . VOID
    (14) tipo_retorno -> . I8
    (15) tipo_retorno -> . U8
    (16) tipo_retorno -> . I16
    (17) tipo_retorno -> . U16
    (18) tipo_retorno -> . I32
    (19) tipo_retorno -> . U32
    (20) tipo_retorno -> . I64
    (21) tipo_retorno -> . U64
    (22) tipo_retorno -> . I128
    (23) tipo_retorno -> . U128

    VOID            shift and go to state 99
    I8              shift and go to state 100
    U8              shift and go to state 101
    I16             shift and go to state 102
    U16             shift and go to state 103
    I32             shift and go to state 104
    U32             shift and go to state 105
    I64             shift and go to state 106
    U64             shift and go to state 107
    I128            shift and go to state 108
    U128            shift and go to state 109

    tipo_retorno                   shift and go to state 220

state 202

    (72) decl_interna -> CONST ID EQUAL . expr SEMICOLON
    (75) decl_interna -> CONST ID EQUAL . expr SEMICOLON decl_interna
    (47) expr -> . BUILTINIDENTIFIER LPAREN STRING RPAREN
    (48) expr -> . BUILTINIDENTIFIER LPAREN expr RPAREN DOT expr
    (49) expr -> . ID PLUS expr
    (50) expr -> . ID
    (51) expr -> . ID DOT expr
    (52) expr -> . call
    (53) expr -> . INTEGER
    (54) expr -> . ID MINUS expr
    (55) expr -> . ID SLASH expr
    (56) expr -> . ID ASTERISK expr
    (57) expr -> . ID RARROW expr
    (58) expr -> . ID LARROW expr
    (59) expr -> . ID PERCENT expr
    (60) expr -> . ID EQUALEQUAL expr
    (61) expr -> . ID AND expr
    (62) expr -> . ID OR expr
    (63) expr -> . TRUE
    (64) expr -> . FALSE
    (26) call -> . ID LPAREN args RPAREN
    (27) call -> . ID LPAREN RPAREN

    BUILTINIDENTIFIER shift and go to state 10
    ID              shift and go to state 48
    INTEGER         shift and go to state 12
    TRUE            shift and go to state 13
    FALSE           shift and go to state 14

    expr                           shift and go to state 221
    call                           shift and go to state 11

state 203

    (73) decl_interna -> CONST ID COLON . tipo_retorno EQUAL expr SEMICOLON
    (76) decl_interna -> CONST ID COLON . tipo_retorno EQUAL expr SEMICOLON decl_interna
    (13) tipo_retorno -> . VOID
    (14) tipo_retorno -> . I8
    (15) tipo_retorno -> . U8
    (16) tipo_retorno -> . I16
    (17) tipo_retorno -> . U16
    (18) tipo_retorno -> . I32
    (19) tipo_retorno -> . U32
    (20) tipo_retorno -> . I64
    (21) tipo_retorno -> . U64
    (22) tipo_retorno -> . I128
    (23) tipo_retorno -> . U128

    VOID            shift and go to state 99
    I8              shift and go to state 100
    U8              shift and go to state 101
    I16             shift and go to state 102
    U16             shift and go to state 103
    I32             shift and go to state 104
    U32             shift and go to state 105
    I64             shift and go to state 106
    U64             shift and go to state 107
    I128            shift and go to state 108
    U128            shift and go to state 109

    tipo_retorno                   shift and go to state 222

state 204

    (5) funcao -> PUB FN ID LPAREN params RPAREN tipo_retorno LBRACE decl_interna RBRACE .

    PUB             reduce using rule 5 (funcao -> PUB FN ID LPAREN params RPAREN tipo_retorno LBRACE decl_interna RBRACE .)
    FN              reduce using rule 5 (funcao -> PUB FN ID LPAREN params RPAREN tipo_retorno LBRACE decl_interna RBRACE .)
    VAR             reduce using rule 5 (funcao -> PUB FN ID LPAREN params RPAREN tipo_retorno LBRACE decl_interna RBRACE .)
    CONST           reduce using rule 5 (funcao -> PUB FN ID LPAREN params RPAREN tipo_retorno LBRACE decl_interna RBRACE .)
    ID              reduce using rule 5 (funcao -> PUB FN ID LPAREN params RPAREN tipo_retorno LBRACE decl_interna RBRACE .)
    BUILTINIDENTIFIER reduce using rule 5 (funcao -> PUB FN ID LPAREN params RPAREN tipo_retorno LBRACE decl_interna RBRACE .)
    INTEGER         reduce using rule 5 (funcao -> PUB FN ID LPAREN params RPAREN tipo_retorno LBRACE decl_interna RBRACE .)
    TRUE            reduce using rule 5 (funcao -> PUB FN ID LPAREN params RPAREN tipo_retorno LBRACE decl_interna RBRACE .)
    FALSE           reduce using rule 5 (funcao -> PUB FN ID LPAREN params RPAREN tipo_retorno LBRACE decl_interna RBRACE .)
    $end            reduce using rule 5 (funcao -> PUB FN ID LPAREN params RPAREN tipo_retorno LBRACE decl_interna RBRACE .)


state 205

    (77) decl_interna -> ID EQUAL expr SEMICOLON .
    (82) decl_interna -> ID EQUAL expr SEMICOLON . decl_interna
    (65) decl_interna -> . BREAK SEMICOLON
    (66) decl_interna -> . RETURN expr SEMICOLON
    (67) decl_interna -> . WHILE LPAREN expr RPAREN LBRACE decl_interna RBRACE
    (68) decl_interna -> . FOR LPAREN INTEGER DOT2 INTEGER RPAREN PIPE ID PIPE LBRACE decl_interna RBRACE
    (69) decl_interna -> . expr SEMICOLON
    (70) decl_interna -> . IF LPAREN expr RPAREN LBRACE decl_interna RBRACE
    (71) decl_interna -> . VAR ID COLON tipo_retorno EQUAL expr SEMICOLON
    (72) decl_interna -> . CONST ID EQUAL expr SEMICOLON
    (73) decl_interna -> . CONST ID COLON tipo_retorno EQUAL expr SEMICOLON
    (74) decl_interna -> . VAR ID COLON tipo_retorno EQUAL expr SEMICOLON decl_interna
    (75) decl_interna -> . CONST ID EQUAL expr SEMICOLON decl_interna
    (76) decl_interna -> . CONST ID COLON tipo_retorno EQUAL expr SEMICOLON decl_interna
    (77) decl_interna -> . ID EQUAL expr SEMICOLON
    (78) decl_interna -> . ID PLUSEQUAL expr SEMICOLON
    (79) decl_interna -> . ID PLUSPERCENT expr SEMICOLON
    (80) decl_interna -> . ID PLUSPERCENTEQUAL expr SEMICOLON
    (81) decl_interna -> . ID PLUSPIPE expr SEMICOLON
    (82) decl_interna -> . ID EQUAL expr SEMICOLON decl_interna
    (83) decl_interna -> . ID PLUSEQUAL expr SEMICOLON decl_interna
    (84) decl_interna -> . ID PLUSPERCENT expr SEMICOLON decl_interna
    (85) decl_interna -> . ID PLUSPERCENTEQUAL expr SEMICOLON decl_interna
    (86) decl_interna -> . ID PLUSPIPE expr SEMICOLON decl_interna
    (87) decl_interna -> . ID PLUSPIPEEQUAL expr SEMICOLON
    (88) decl_interna -> . ID MINUSEQUAL expr SEMICOLON
    (89) decl_interna -> . ID MINUSPERCENT expr SEMICOLON
    (90) decl_interna -> . ID MINUSPERCENTEQUAL expr SEMICOLON
    (91) decl_interna -> . ID MINUSPIPE expr SEMICOLON
    (92) decl_interna -> . ID MINUSPIPEEQUAL expr SEMICOLON
    (93) decl_interna -> . ID PLUSPIPEEQUAL expr SEMICOLON decl_interna
    (94) decl_interna -> . ID MINUSEQUAL expr SEMICOLON decl_interna
    (95) decl_interna -> . ID MINUSPERCENT expr SEMICOLON decl_interna
    (96) decl_interna -> . ID MINUSPERCENTEQUAL expr SEMICOLON decl_interna
    (97) decl_interna -> . ID MINUSPIPE expr SEMICOLON decl_interna
    (98) decl_interna -> . ID MINUSPIPEEQUAL expr SEMICOLON decl_interna
    (99) decl_interna -> . expr SEMICOLON decl_interna
    (100) decl_interna -> . BREAK SEMICOLON decl_interna
    (101) decl_interna -> . RETURN expr SEMICOLON decl_interna
    (102) decl_interna -> . WHILE LPAREN expr RPAREN LBRACE decl_interna RBRACE decl_interna
    (103) decl_interna -> . FOR LPAREN INTEGER DOT2 INTEGER RPAREN PIPE ID PIPE LBRACE decl_interna RBRACE decl_interna
    (104) decl_interna -> . IF LPAREN expr RPAREN LBRACE decl_interna RBRACE decl_interna
    (47) expr -> . BUILTINIDENTIFIER LPAREN STRING RPAREN
    (48) expr -> . BUILTINIDENTIFIER LPAREN expr RPAREN DOT expr
    (49) expr -> . ID PLUS expr
    (50) expr -> . ID
    (51) expr -> . ID DOT expr
    (52) expr -> . call
    (53) expr -> . INTEGER
    (54) expr -> . ID MINUS expr
    (55) expr -> . ID SLASH expr
    (56) expr -> . ID ASTERISK expr
    (57) expr -> . ID RARROW expr
    (58) expr -> . ID LARROW expr
    (59) expr -> . ID PERCENT expr
    (60) expr -> . ID EQUALEQUAL expr
    (61) expr -> . ID AND expr
    (62) expr -> . ID OR expr
    (63) expr -> . TRUE
    (64) expr -> . FALSE
    (26) call -> . ID LPAREN args RPAREN
    (27) call -> . ID LPAREN RPAREN

    RBRACE          reduce using rule 77 (decl_interna -> ID EQUAL expr SEMICOLON .)
    BREAK           shift and go to state 141
    RETURN          shift and go to state 142
    WHILE           shift and go to state 144
    FOR             shift and go to state 145
    IF              shift and go to state 146
    VAR             shift and go to state 147
    CONST           shift and go to state 148
    ID              shift and go to state 138
    BUILTINIDENTIFIER shift and go to state 10
    INTEGER         shift and go to state 12
    TRUE            shift and go to state 13
    FALSE           shift and go to state 14

    expr                           shift and go to state 143
    decl_interna                   shift and go to state 223
    call                           shift and go to state 11

state 206

    (78) decl_interna -> ID PLUSEQUAL expr SEMICOLON .
    (83) decl_interna -> ID PLUSEQUAL expr SEMICOLON . decl_interna
    (65) decl_interna -> . BREAK SEMICOLON
    (66) decl_interna -> . RETURN expr SEMICOLON
    (67) decl_interna -> . WHILE LPAREN expr RPAREN LBRACE decl_interna RBRACE
    (68) decl_interna -> . FOR LPAREN INTEGER DOT2 INTEGER RPAREN PIPE ID PIPE LBRACE decl_interna RBRACE
    (69) decl_interna -> . expr SEMICOLON
    (70) decl_interna -> . IF LPAREN expr RPAREN LBRACE decl_interna RBRACE
    (71) decl_interna -> . VAR ID COLON tipo_retorno EQUAL expr SEMICOLON
    (72) decl_interna -> . CONST ID EQUAL expr SEMICOLON
    (73) decl_interna -> . CONST ID COLON tipo_retorno EQUAL expr SEMICOLON
    (74) decl_interna -> . VAR ID COLON tipo_retorno EQUAL expr SEMICOLON decl_interna
    (75) decl_interna -> . CONST ID EQUAL expr SEMICOLON decl_interna
    (76) decl_interna -> . CONST ID COLON tipo_retorno EQUAL expr SEMICOLON decl_interna
    (77) decl_interna -> . ID EQUAL expr SEMICOLON
    (78) decl_interna -> . ID PLUSEQUAL expr SEMICOLON
    (79) decl_interna -> . ID PLUSPERCENT expr SEMICOLON
    (80) decl_interna -> . ID PLUSPERCENTEQUAL expr SEMICOLON
    (81) decl_interna -> . ID PLUSPIPE expr SEMICOLON
    (82) decl_interna -> . ID EQUAL expr SEMICOLON decl_interna
    (83) decl_interna -> . ID PLUSEQUAL expr SEMICOLON decl_interna
    (84) decl_interna -> . ID PLUSPERCENT expr SEMICOLON decl_interna
    (85) decl_interna -> . ID PLUSPERCENTEQUAL expr SEMICOLON decl_interna
    (86) decl_interna -> . ID PLUSPIPE expr SEMICOLON decl_interna
    (87) decl_interna -> . ID PLUSPIPEEQUAL expr SEMICOLON
    (88) decl_interna -> . ID MINUSEQUAL expr SEMICOLON
    (89) decl_interna -> . ID MINUSPERCENT expr SEMICOLON
    (90) decl_interna -> . ID MINUSPERCENTEQUAL expr SEMICOLON
    (91) decl_interna -> . ID MINUSPIPE expr SEMICOLON
    (92) decl_interna -> . ID MINUSPIPEEQUAL expr SEMICOLON
    (93) decl_interna -> . ID PLUSPIPEEQUAL expr SEMICOLON decl_interna
    (94) decl_interna -> . ID MINUSEQUAL expr SEMICOLON decl_interna
    (95) decl_interna -> . ID MINUSPERCENT expr SEMICOLON decl_interna
    (96) decl_interna -> . ID MINUSPERCENTEQUAL expr SEMICOLON decl_interna
    (97) decl_interna -> . ID MINUSPIPE expr SEMICOLON decl_interna
    (98) decl_interna -> . ID MINUSPIPEEQUAL expr SEMICOLON decl_interna
    (99) decl_interna -> . expr SEMICOLON decl_interna
    (100) decl_interna -> . BREAK SEMICOLON decl_interna
    (101) decl_interna -> . RETURN expr SEMICOLON decl_interna
    (102) decl_interna -> . WHILE LPAREN expr RPAREN LBRACE decl_interna RBRACE decl_interna
    (103) decl_interna -> . FOR LPAREN INTEGER DOT2 INTEGER RPAREN PIPE ID PIPE LBRACE decl_interna RBRACE decl_interna
    (104) decl_interna -> . IF LPAREN expr RPAREN LBRACE decl_interna RBRACE decl_interna
    (47) expr -> . BUILTINIDENTIFIER LPAREN STRING RPAREN
    (48) expr -> . BUILTINIDENTIFIER LPAREN expr RPAREN DOT expr
    (49) expr -> . ID PLUS expr
    (50) expr -> . ID
    (51) expr -> . ID DOT expr
    (52) expr -> . call
    (53) expr -> . INTEGER
    (54) expr -> . ID MINUS expr
    (55) expr -> . ID SLASH expr
    (56) expr -> . ID ASTERISK expr
    (57) expr -> . ID RARROW expr
    (58) expr -> . ID LARROW expr
    (59) expr -> . ID PERCENT expr
    (60) expr -> . ID EQUALEQUAL expr
    (61) expr -> . ID AND expr
    (62) expr -> . ID OR expr
    (63) expr -> . TRUE
    (64) expr -> . FALSE
    (26) call -> . ID LPAREN args RPAREN
    (27) call -> . ID LPAREN RPAREN

    RBRACE          reduce using rule 78 (decl_interna -> ID PLUSEQUAL expr SEMICOLON .)
    BREAK           shift and go to state 141
    RETURN          shift and go to state 142
    WHILE           shift and go to state 144
    FOR             shift and go to state 145
    IF              shift and go to state 146
    VAR             shift and go to state 147
    CONST           shift and go to state 148
    ID              shift and go to state 138
    BUILTINIDENTIFIER shift and go to state 10
    INTEGER         shift and go to state 12
    TRUE            shift and go to state 13
    FALSE           shift and go to state 14

    expr                           shift and go to state 143
    decl_interna                   shift and go to state 224
    call                           shift and go to state 11

state 207

    (79) decl_interna -> ID PLUSPERCENT expr SEMICOLON .
    (84) decl_interna -> ID PLUSPERCENT expr SEMICOLON . decl_interna
    (65) decl_interna -> . BREAK SEMICOLON
    (66) decl_interna -> . RETURN expr SEMICOLON
    (67) decl_interna -> . WHILE LPAREN expr RPAREN LBRACE decl_interna RBRACE
    (68) decl_interna -> . FOR LPAREN INTEGER DOT2 INTEGER RPAREN PIPE ID PIPE LBRACE decl_interna RBRACE
    (69) decl_interna -> . expr SEMICOLON
    (70) decl_interna -> . IF LPAREN expr RPAREN LBRACE decl_interna RBRACE
    (71) decl_interna -> . VAR ID COLON tipo_retorno EQUAL expr SEMICOLON
    (72) decl_interna -> . CONST ID EQUAL expr SEMICOLON
    (73) decl_interna -> . CONST ID COLON tipo_retorno EQUAL expr SEMICOLON
    (74) decl_interna -> . VAR ID COLON tipo_retorno EQUAL expr SEMICOLON decl_interna
    (75) decl_interna -> . CONST ID EQUAL expr SEMICOLON decl_interna
    (76) decl_interna -> . CONST ID COLON tipo_retorno EQUAL expr SEMICOLON decl_interna
    (77) decl_interna -> . ID EQUAL expr SEMICOLON
    (78) decl_interna -> . ID PLUSEQUAL expr SEMICOLON
    (79) decl_interna -> . ID PLUSPERCENT expr SEMICOLON
    (80) decl_interna -> . ID PLUSPERCENTEQUAL expr SEMICOLON
    (81) decl_interna -> . ID PLUSPIPE expr SEMICOLON
    (82) decl_interna -> . ID EQUAL expr SEMICOLON decl_interna
    (83) decl_interna -> . ID PLUSEQUAL expr SEMICOLON decl_interna
    (84) decl_interna -> . ID PLUSPERCENT expr SEMICOLON decl_interna
    (85) decl_interna -> . ID PLUSPERCENTEQUAL expr SEMICOLON decl_interna
    (86) decl_interna -> . ID PLUSPIPE expr SEMICOLON decl_interna
    (87) decl_interna -> . ID PLUSPIPEEQUAL expr SEMICOLON
    (88) decl_interna -> . ID MINUSEQUAL expr SEMICOLON
    (89) decl_interna -> . ID MINUSPERCENT expr SEMICOLON
    (90) decl_interna -> . ID MINUSPERCENTEQUAL expr SEMICOLON
    (91) decl_interna -> . ID MINUSPIPE expr SEMICOLON
    (92) decl_interna -> . ID MINUSPIPEEQUAL expr SEMICOLON
    (93) decl_interna -> . ID PLUSPIPEEQUAL expr SEMICOLON decl_interna
    (94) decl_interna -> . ID MINUSEQUAL expr SEMICOLON decl_interna
    (95) decl_interna -> . ID MINUSPERCENT expr SEMICOLON decl_interna
    (96) decl_interna -> . ID MINUSPERCENTEQUAL expr SEMICOLON decl_interna
    (97) decl_interna -> . ID MINUSPIPE expr SEMICOLON decl_interna
    (98) decl_interna -> . ID MINUSPIPEEQUAL expr SEMICOLON decl_interna
    (99) decl_interna -> . expr SEMICOLON decl_interna
    (100) decl_interna -> . BREAK SEMICOLON decl_interna
    (101) decl_interna -> . RETURN expr SEMICOLON decl_interna
    (102) decl_interna -> . WHILE LPAREN expr RPAREN LBRACE decl_interna RBRACE decl_interna
    (103) decl_interna -> . FOR LPAREN INTEGER DOT2 INTEGER RPAREN PIPE ID PIPE LBRACE decl_interna RBRACE decl_interna
    (104) decl_interna -> . IF LPAREN expr RPAREN LBRACE decl_interna RBRACE decl_interna
    (47) expr -> . BUILTINIDENTIFIER LPAREN STRING RPAREN
    (48) expr -> . BUILTINIDENTIFIER LPAREN expr RPAREN DOT expr
    (49) expr -> . ID PLUS expr
    (50) expr -> . ID
    (51) expr -> . ID DOT expr
    (52) expr -> . call
    (53) expr -> . INTEGER
    (54) expr -> . ID MINUS expr
    (55) expr -> . ID SLASH expr
    (56) expr -> . ID ASTERISK expr
    (57) expr -> . ID RARROW expr
    (58) expr -> . ID LARROW expr
    (59) expr -> . ID PERCENT expr
    (60) expr -> . ID EQUALEQUAL expr
    (61) expr -> . ID AND expr
    (62) expr -> . ID OR expr
    (63) expr -> . TRUE
    (64) expr -> . FALSE
    (26) call -> . ID LPAREN args RPAREN
    (27) call -> . ID LPAREN RPAREN

    RBRACE          reduce using rule 79 (decl_interna -> ID PLUSPERCENT expr SEMICOLON .)
    BREAK           shift and go to state 141
    RETURN          shift and go to state 142
    WHILE           shift and go to state 144
    FOR             shift and go to state 145
    IF              shift and go to state 146
    VAR             shift and go to state 147
    CONST           shift and go to state 148
    ID              shift and go to state 138
    BUILTINIDENTIFIER shift and go to state 10
    INTEGER         shift and go to state 12
    TRUE            shift and go to state 13
    FALSE           shift and go to state 14

    expr                           shift and go to state 143
    decl_interna                   shift and go to state 225
    call                           shift and go to state 11

state 208

    (80) decl_interna -> ID PLUSPERCENTEQUAL expr SEMICOLON .
    (85) decl_interna -> ID PLUSPERCENTEQUAL expr SEMICOLON . decl_interna
    (65) decl_interna -> . BREAK SEMICOLON
    (66) decl_interna -> . RETURN expr SEMICOLON
    (67) decl_interna -> . WHILE LPAREN expr RPAREN LBRACE decl_interna RBRACE
    (68) decl_interna -> . FOR LPAREN INTEGER DOT2 INTEGER RPAREN PIPE ID PIPE LBRACE decl_interna RBRACE
    (69) decl_interna -> . expr SEMICOLON
    (70) decl_interna -> . IF LPAREN expr RPAREN LBRACE decl_interna RBRACE
    (71) decl_interna -> . VAR ID COLON tipo_retorno EQUAL expr SEMICOLON
    (72) decl_interna -> . CONST ID EQUAL expr SEMICOLON
    (73) decl_interna -> . CONST ID COLON tipo_retorno EQUAL expr SEMICOLON
    (74) decl_interna -> . VAR ID COLON tipo_retorno EQUAL expr SEMICOLON decl_interna
    (75) decl_interna -> . CONST ID EQUAL expr SEMICOLON decl_interna
    (76) decl_interna -> . CONST ID COLON tipo_retorno EQUAL expr SEMICOLON decl_interna
    (77) decl_interna -> . ID EQUAL expr SEMICOLON
    (78) decl_interna -> . ID PLUSEQUAL expr SEMICOLON
    (79) decl_interna -> . ID PLUSPERCENT expr SEMICOLON
    (80) decl_interna -> . ID PLUSPERCENTEQUAL expr SEMICOLON
    (81) decl_interna -> . ID PLUSPIPE expr SEMICOLON
    (82) decl_interna -> . ID EQUAL expr SEMICOLON decl_interna
    (83) decl_interna -> . ID PLUSEQUAL expr SEMICOLON decl_interna
    (84) decl_interna -> . ID PLUSPERCENT expr SEMICOLON decl_interna
    (85) decl_interna -> . ID PLUSPERCENTEQUAL expr SEMICOLON decl_interna
    (86) decl_interna -> . ID PLUSPIPE expr SEMICOLON decl_interna
    (87) decl_interna -> . ID PLUSPIPEEQUAL expr SEMICOLON
    (88) decl_interna -> . ID MINUSEQUAL expr SEMICOLON
    (89) decl_interna -> . ID MINUSPERCENT expr SEMICOLON
    (90) decl_interna -> . ID MINUSPERCENTEQUAL expr SEMICOLON
    (91) decl_interna -> . ID MINUSPIPE expr SEMICOLON
    (92) decl_interna -> . ID MINUSPIPEEQUAL expr SEMICOLON
    (93) decl_interna -> . ID PLUSPIPEEQUAL expr SEMICOLON decl_interna
    (94) decl_interna -> . ID MINUSEQUAL expr SEMICOLON decl_interna
    (95) decl_interna -> . ID MINUSPERCENT expr SEMICOLON decl_interna
    (96) decl_interna -> . ID MINUSPERCENTEQUAL expr SEMICOLON decl_interna
    (97) decl_interna -> . ID MINUSPIPE expr SEMICOLON decl_interna
    (98) decl_interna -> . ID MINUSPIPEEQUAL expr SEMICOLON decl_interna
    (99) decl_interna -> . expr SEMICOLON decl_interna
    (100) decl_interna -> . BREAK SEMICOLON decl_interna
    (101) decl_interna -> . RETURN expr SEMICOLON decl_interna
    (102) decl_interna -> . WHILE LPAREN expr RPAREN LBRACE decl_interna RBRACE decl_interna
    (103) decl_interna -> . FOR LPAREN INTEGER DOT2 INTEGER RPAREN PIPE ID PIPE LBRACE decl_interna RBRACE decl_interna
    (104) decl_interna -> . IF LPAREN expr RPAREN LBRACE decl_interna RBRACE decl_interna
    (47) expr -> . BUILTINIDENTIFIER LPAREN STRING RPAREN
    (48) expr -> . BUILTINIDENTIFIER LPAREN expr RPAREN DOT expr
    (49) expr -> . ID PLUS expr
    (50) expr -> . ID
    (51) expr -> . ID DOT expr
    (52) expr -> . call
    (53) expr -> . INTEGER
    (54) expr -> . ID MINUS expr
    (55) expr -> . ID SLASH expr
    (56) expr -> . ID ASTERISK expr
    (57) expr -> . ID RARROW expr
    (58) expr -> . ID LARROW expr
    (59) expr -> . ID PERCENT expr
    (60) expr -> . ID EQUALEQUAL expr
    (61) expr -> . ID AND expr
    (62) expr -> . ID OR expr
    (63) expr -> . TRUE
    (64) expr -> . FALSE
    (26) call -> . ID LPAREN args RPAREN
    (27) call -> . ID LPAREN RPAREN

    RBRACE          reduce using rule 80 (decl_interna -> ID PLUSPERCENTEQUAL expr SEMICOLON .)
    BREAK           shift and go to state 141
    RETURN          shift and go to state 142
    WHILE           shift and go to state 144
    FOR             shift and go to state 145
    IF              shift and go to state 146
    VAR             shift and go to state 147
    CONST           shift and go to state 148
    ID              shift and go to state 138
    BUILTINIDENTIFIER shift and go to state 10
    INTEGER         shift and go to state 12
    TRUE            shift and go to state 13
    FALSE           shift and go to state 14

    expr                           shift and go to state 143
    decl_interna                   shift and go to state 226
    call                           shift and go to state 11

state 209

    (81) decl_interna -> ID PLUSPIPE expr SEMICOLON .
    (86) decl_interna -> ID PLUSPIPE expr SEMICOLON . decl_interna
    (65) decl_interna -> . BREAK SEMICOLON
    (66) decl_interna -> . RETURN expr SEMICOLON
    (67) decl_interna -> . WHILE LPAREN expr RPAREN LBRACE decl_interna RBRACE
    (68) decl_interna -> . FOR LPAREN INTEGER DOT2 INTEGER RPAREN PIPE ID PIPE LBRACE decl_interna RBRACE
    (69) decl_interna -> . expr SEMICOLON
    (70) decl_interna -> . IF LPAREN expr RPAREN LBRACE decl_interna RBRACE
    (71) decl_interna -> . VAR ID COLON tipo_retorno EQUAL expr SEMICOLON
    (72) decl_interna -> . CONST ID EQUAL expr SEMICOLON
    (73) decl_interna -> . CONST ID COLON tipo_retorno EQUAL expr SEMICOLON
    (74) decl_interna -> . VAR ID COLON tipo_retorno EQUAL expr SEMICOLON decl_interna
    (75) decl_interna -> . CONST ID EQUAL expr SEMICOLON decl_interna
    (76) decl_interna -> . CONST ID COLON tipo_retorno EQUAL expr SEMICOLON decl_interna
    (77) decl_interna -> . ID EQUAL expr SEMICOLON
    (78) decl_interna -> . ID PLUSEQUAL expr SEMICOLON
    (79) decl_interna -> . ID PLUSPERCENT expr SEMICOLON
    (80) decl_interna -> . ID PLUSPERCENTEQUAL expr SEMICOLON
    (81) decl_interna -> . ID PLUSPIPE expr SEMICOLON
    (82) decl_interna -> . ID EQUAL expr SEMICOLON decl_interna
    (83) decl_interna -> . ID PLUSEQUAL expr SEMICOLON decl_interna
    (84) decl_interna -> . ID PLUSPERCENT expr SEMICOLON decl_interna
    (85) decl_interna -> . ID PLUSPERCENTEQUAL expr SEMICOLON decl_interna
    (86) decl_interna -> . ID PLUSPIPE expr SEMICOLON decl_interna
    (87) decl_interna -> . ID PLUSPIPEEQUAL expr SEMICOLON
    (88) decl_interna -> . ID MINUSEQUAL expr SEMICOLON
    (89) decl_interna -> . ID MINUSPERCENT expr SEMICOLON
    (90) decl_interna -> . ID MINUSPERCENTEQUAL expr SEMICOLON
    (91) decl_interna -> . ID MINUSPIPE expr SEMICOLON
    (92) decl_interna -> . ID MINUSPIPEEQUAL expr SEMICOLON
    (93) decl_interna -> . ID PLUSPIPEEQUAL expr SEMICOLON decl_interna
    (94) decl_interna -> . ID MINUSEQUAL expr SEMICOLON decl_interna
    (95) decl_interna -> . ID MINUSPERCENT expr SEMICOLON decl_interna
    (96) decl_interna -> . ID MINUSPERCENTEQUAL expr SEMICOLON decl_interna
    (97) decl_interna -> . ID MINUSPIPE expr SEMICOLON decl_interna
    (98) decl_interna -> . ID MINUSPIPEEQUAL expr SEMICOLON decl_interna
    (99) decl_interna -> . expr SEMICOLON decl_interna
    (100) decl_interna -> . BREAK SEMICOLON decl_interna
    (101) decl_interna -> . RETURN expr SEMICOLON decl_interna
    (102) decl_interna -> . WHILE LPAREN expr RPAREN LBRACE decl_interna RBRACE decl_interna
    (103) decl_interna -> . FOR LPAREN INTEGER DOT2 INTEGER RPAREN PIPE ID PIPE LBRACE decl_interna RBRACE decl_interna
    (104) decl_interna -> . IF LPAREN expr RPAREN LBRACE decl_interna RBRACE decl_interna
    (47) expr -> . BUILTINIDENTIFIER LPAREN STRING RPAREN
    (48) expr -> . BUILTINIDENTIFIER LPAREN expr RPAREN DOT expr
    (49) expr -> . ID PLUS expr
    (50) expr -> . ID
    (51) expr -> . ID DOT expr
    (52) expr -> . call
    (53) expr -> . INTEGER
    (54) expr -> . ID MINUS expr
    (55) expr -> . ID SLASH expr
    (56) expr -> . ID ASTERISK expr
    (57) expr -> . ID RARROW expr
    (58) expr -> . ID LARROW expr
    (59) expr -> . ID PERCENT expr
    (60) expr -> . ID EQUALEQUAL expr
    (61) expr -> . ID AND expr
    (62) expr -> . ID OR expr
    (63) expr -> . TRUE
    (64) expr -> . FALSE
    (26) call -> . ID LPAREN args RPAREN
    (27) call -> . ID LPAREN RPAREN

    RBRACE          reduce using rule 81 (decl_interna -> ID PLUSPIPE expr SEMICOLON .)
    BREAK           shift and go to state 141
    RETURN          shift and go to state 142
    WHILE           shift and go to state 144
    FOR             shift and go to state 145
    IF              shift and go to state 146
    VAR             shift and go to state 147
    CONST           shift and go to state 148
    ID              shift and go to state 138
    BUILTINIDENTIFIER shift and go to state 10
    INTEGER         shift and go to state 12
    TRUE            shift and go to state 13
    FALSE           shift and go to state 14

    expr                           shift and go to state 143
    decl_interna                   shift and go to state 227
    call                           shift and go to state 11

state 210

    (87) decl_interna -> ID PLUSPIPEEQUAL expr SEMICOLON .
    (93) decl_interna -> ID PLUSPIPEEQUAL expr SEMICOLON . decl_interna
    (65) decl_interna -> . BREAK SEMICOLON
    (66) decl_interna -> . RETURN expr SEMICOLON
    (67) decl_interna -> . WHILE LPAREN expr RPAREN LBRACE decl_interna RBRACE
    (68) decl_interna -> . FOR LPAREN INTEGER DOT2 INTEGER RPAREN PIPE ID PIPE LBRACE decl_interna RBRACE
    (69) decl_interna -> . expr SEMICOLON
    (70) decl_interna -> . IF LPAREN expr RPAREN LBRACE decl_interna RBRACE
    (71) decl_interna -> . VAR ID COLON tipo_retorno EQUAL expr SEMICOLON
    (72) decl_interna -> . CONST ID EQUAL expr SEMICOLON
    (73) decl_interna -> . CONST ID COLON tipo_retorno EQUAL expr SEMICOLON
    (74) decl_interna -> . VAR ID COLON tipo_retorno EQUAL expr SEMICOLON decl_interna
    (75) decl_interna -> . CONST ID EQUAL expr SEMICOLON decl_interna
    (76) decl_interna -> . CONST ID COLON tipo_retorno EQUAL expr SEMICOLON decl_interna
    (77) decl_interna -> . ID EQUAL expr SEMICOLON
    (78) decl_interna -> . ID PLUSEQUAL expr SEMICOLON
    (79) decl_interna -> . ID PLUSPERCENT expr SEMICOLON
    (80) decl_interna -> . ID PLUSPERCENTEQUAL expr SEMICOLON
    (81) decl_interna -> . ID PLUSPIPE expr SEMICOLON
    (82) decl_interna -> . ID EQUAL expr SEMICOLON decl_interna
    (83) decl_interna -> . ID PLUSEQUAL expr SEMICOLON decl_interna
    (84) decl_interna -> . ID PLUSPERCENT expr SEMICOLON decl_interna
    (85) decl_interna -> . ID PLUSPERCENTEQUAL expr SEMICOLON decl_interna
    (86) decl_interna -> . ID PLUSPIPE expr SEMICOLON decl_interna
    (87) decl_interna -> . ID PLUSPIPEEQUAL expr SEMICOLON
    (88) decl_interna -> . ID MINUSEQUAL expr SEMICOLON
    (89) decl_interna -> . ID MINUSPERCENT expr SEMICOLON
    (90) decl_interna -> . ID MINUSPERCENTEQUAL expr SEMICOLON
    (91) decl_interna -> . ID MINUSPIPE expr SEMICOLON
    (92) decl_interna -> . ID MINUSPIPEEQUAL expr SEMICOLON
    (93) decl_interna -> . ID PLUSPIPEEQUAL expr SEMICOLON decl_interna
    (94) decl_interna -> . ID MINUSEQUAL expr SEMICOLON decl_interna
    (95) decl_interna -> . ID MINUSPERCENT expr SEMICOLON decl_interna
    (96) decl_interna -> . ID MINUSPERCENTEQUAL expr SEMICOLON decl_interna
    (97) decl_interna -> . ID MINUSPIPE expr SEMICOLON decl_interna
    (98) decl_interna -> . ID MINUSPIPEEQUAL expr SEMICOLON decl_interna
    (99) decl_interna -> . expr SEMICOLON decl_interna
    (100) decl_interna -> . BREAK SEMICOLON decl_interna
    (101) decl_interna -> . RETURN expr SEMICOLON decl_interna
    (102) decl_interna -> . WHILE LPAREN expr RPAREN LBRACE decl_interna RBRACE decl_interna
    (103) decl_interna -> . FOR LPAREN INTEGER DOT2 INTEGER RPAREN PIPE ID PIPE LBRACE decl_interna RBRACE decl_interna
    (104) decl_interna -> . IF LPAREN expr RPAREN LBRACE decl_interna RBRACE decl_interna
    (47) expr -> . BUILTINIDENTIFIER LPAREN STRING RPAREN
    (48) expr -> . BUILTINIDENTIFIER LPAREN expr RPAREN DOT expr
    (49) expr -> . ID PLUS expr
    (50) expr -> . ID
    (51) expr -> . ID DOT expr
    (52) expr -> . call
    (53) expr -> . INTEGER
    (54) expr -> . ID MINUS expr
    (55) expr -> . ID SLASH expr
    (56) expr -> . ID ASTERISK expr
    (57) expr -> . ID RARROW expr
    (58) expr -> . ID LARROW expr
    (59) expr -> . ID PERCENT expr
    (60) expr -> . ID EQUALEQUAL expr
    (61) expr -> . ID AND expr
    (62) expr -> . ID OR expr
    (63) expr -> . TRUE
    (64) expr -> . FALSE
    (26) call -> . ID LPAREN args RPAREN
    (27) call -> . ID LPAREN RPAREN

    RBRACE          reduce using rule 87 (decl_interna -> ID PLUSPIPEEQUAL expr SEMICOLON .)
    BREAK           shift and go to state 141
    RETURN          shift and go to state 142
    WHILE           shift and go to state 144
    FOR             shift and go to state 145
    IF              shift and go to state 146
    VAR             shift and go to state 147
    CONST           shift and go to state 148
    ID              shift and go to state 138
    BUILTINIDENTIFIER shift and go to state 10
    INTEGER         shift and go to state 12
    TRUE            shift and go to state 13
    FALSE           shift and go to state 14

    expr                           shift and go to state 143
    decl_interna                   shift and go to state 228
    call                           shift and go to state 11

state 211

    (88) decl_interna -> ID MINUSEQUAL expr SEMICOLON .
    (94) decl_interna -> ID MINUSEQUAL expr SEMICOLON . decl_interna
    (65) decl_interna -> . BREAK SEMICOLON
    (66) decl_interna -> . RETURN expr SEMICOLON
    (67) decl_interna -> . WHILE LPAREN expr RPAREN LBRACE decl_interna RBRACE
    (68) decl_interna -> . FOR LPAREN INTEGER DOT2 INTEGER RPAREN PIPE ID PIPE LBRACE decl_interna RBRACE
    (69) decl_interna -> . expr SEMICOLON
    (70) decl_interna -> . IF LPAREN expr RPAREN LBRACE decl_interna RBRACE
    (71) decl_interna -> . VAR ID COLON tipo_retorno EQUAL expr SEMICOLON
    (72) decl_interna -> . CONST ID EQUAL expr SEMICOLON
    (73) decl_interna -> . CONST ID COLON tipo_retorno EQUAL expr SEMICOLON
    (74) decl_interna -> . VAR ID COLON tipo_retorno EQUAL expr SEMICOLON decl_interna
    (75) decl_interna -> . CONST ID EQUAL expr SEMICOLON decl_interna
    (76) decl_interna -> . CONST ID COLON tipo_retorno EQUAL expr SEMICOLON decl_interna
    (77) decl_interna -> . ID EQUAL expr SEMICOLON
    (78) decl_interna -> . ID PLUSEQUAL expr SEMICOLON
    (79) decl_interna -> . ID PLUSPERCENT expr SEMICOLON
    (80) decl_interna -> . ID PLUSPERCENTEQUAL expr SEMICOLON
    (81) decl_interna -> . ID PLUSPIPE expr SEMICOLON
    (82) decl_interna -> . ID EQUAL expr SEMICOLON decl_interna
    (83) decl_interna -> . ID PLUSEQUAL expr SEMICOLON decl_interna
    (84) decl_interna -> . ID PLUSPERCENT expr SEMICOLON decl_interna
    (85) decl_interna -> . ID PLUSPERCENTEQUAL expr SEMICOLON decl_interna
    (86) decl_interna -> . ID PLUSPIPE expr SEMICOLON decl_interna
    (87) decl_interna -> . ID PLUSPIPEEQUAL expr SEMICOLON
    (88) decl_interna -> . ID MINUSEQUAL expr SEMICOLON
    (89) decl_interna -> . ID MINUSPERCENT expr SEMICOLON
    (90) decl_interna -> . ID MINUSPERCENTEQUAL expr SEMICOLON
    (91) decl_interna -> . ID MINUSPIPE expr SEMICOLON
    (92) decl_interna -> . ID MINUSPIPEEQUAL expr SEMICOLON
    (93) decl_interna -> . ID PLUSPIPEEQUAL expr SEMICOLON decl_interna
    (94) decl_interna -> . ID MINUSEQUAL expr SEMICOLON decl_interna
    (95) decl_interna -> . ID MINUSPERCENT expr SEMICOLON decl_interna
    (96) decl_interna -> . ID MINUSPERCENTEQUAL expr SEMICOLON decl_interna
    (97) decl_interna -> . ID MINUSPIPE expr SEMICOLON decl_interna
    (98) decl_interna -> . ID MINUSPIPEEQUAL expr SEMICOLON decl_interna
    (99) decl_interna -> . expr SEMICOLON decl_interna
    (100) decl_interna -> . BREAK SEMICOLON decl_interna
    (101) decl_interna -> . RETURN expr SEMICOLON decl_interna
    (102) decl_interna -> . WHILE LPAREN expr RPAREN LBRACE decl_interna RBRACE decl_interna
    (103) decl_interna -> . FOR LPAREN INTEGER DOT2 INTEGER RPAREN PIPE ID PIPE LBRACE decl_interna RBRACE decl_interna
    (104) decl_interna -> . IF LPAREN expr RPAREN LBRACE decl_interna RBRACE decl_interna
    (47) expr -> . BUILTINIDENTIFIER LPAREN STRING RPAREN
    (48) expr -> . BUILTINIDENTIFIER LPAREN expr RPAREN DOT expr
    (49) expr -> . ID PLUS expr
    (50) expr -> . ID
    (51) expr -> . ID DOT expr
    (52) expr -> . call
    (53) expr -> . INTEGER
    (54) expr -> . ID MINUS expr
    (55) expr -> . ID SLASH expr
    (56) expr -> . ID ASTERISK expr
    (57) expr -> . ID RARROW expr
    (58) expr -> . ID LARROW expr
    (59) expr -> . ID PERCENT expr
    (60) expr -> . ID EQUALEQUAL expr
    (61) expr -> . ID AND expr
    (62) expr -> . ID OR expr
    (63) expr -> . TRUE
    (64) expr -> . FALSE
    (26) call -> . ID LPAREN args RPAREN
    (27) call -> . ID LPAREN RPAREN

    RBRACE          reduce using rule 88 (decl_interna -> ID MINUSEQUAL expr SEMICOLON .)
    BREAK           shift and go to state 141
    RETURN          shift and go to state 142
    WHILE           shift and go to state 144
    FOR             shift and go to state 145
    IF              shift and go to state 146
    VAR             shift and go to state 147
    CONST           shift and go to state 148
    ID              shift and go to state 138
    BUILTINIDENTIFIER shift and go to state 10
    INTEGER         shift and go to state 12
    TRUE            shift and go to state 13
    FALSE           shift and go to state 14

    expr                           shift and go to state 143
    decl_interna                   shift and go to state 229
    call                           shift and go to state 11

state 212

    (89) decl_interna -> ID MINUSPERCENT expr SEMICOLON .
    (95) decl_interna -> ID MINUSPERCENT expr SEMICOLON . decl_interna
    (65) decl_interna -> . BREAK SEMICOLON
    (66) decl_interna -> . RETURN expr SEMICOLON
    (67) decl_interna -> . WHILE LPAREN expr RPAREN LBRACE decl_interna RBRACE
    (68) decl_interna -> . FOR LPAREN INTEGER DOT2 INTEGER RPAREN PIPE ID PIPE LBRACE decl_interna RBRACE
    (69) decl_interna -> . expr SEMICOLON
    (70) decl_interna -> . IF LPAREN expr RPAREN LBRACE decl_interna RBRACE
    (71) decl_interna -> . VAR ID COLON tipo_retorno EQUAL expr SEMICOLON
    (72) decl_interna -> . CONST ID EQUAL expr SEMICOLON
    (73) decl_interna -> . CONST ID COLON tipo_retorno EQUAL expr SEMICOLON
    (74) decl_interna -> . VAR ID COLON tipo_retorno EQUAL expr SEMICOLON decl_interna
    (75) decl_interna -> . CONST ID EQUAL expr SEMICOLON decl_interna
    (76) decl_interna -> . CONST ID COLON tipo_retorno EQUAL expr SEMICOLON decl_interna
    (77) decl_interna -> . ID EQUAL expr SEMICOLON
    (78) decl_interna -> . ID PLUSEQUAL expr SEMICOLON
    (79) decl_interna -> . ID PLUSPERCENT expr SEMICOLON
    (80) decl_interna -> . ID PLUSPERCENTEQUAL expr SEMICOLON
    (81) decl_interna -> . ID PLUSPIPE expr SEMICOLON
    (82) decl_interna -> . ID EQUAL expr SEMICOLON decl_interna
    (83) decl_interna -> . ID PLUSEQUAL expr SEMICOLON decl_interna
    (84) decl_interna -> . ID PLUSPERCENT expr SEMICOLON decl_interna
    (85) decl_interna -> . ID PLUSPERCENTEQUAL expr SEMICOLON decl_interna
    (86) decl_interna -> . ID PLUSPIPE expr SEMICOLON decl_interna
    (87) decl_interna -> . ID PLUSPIPEEQUAL expr SEMICOLON
    (88) decl_interna -> . ID MINUSEQUAL expr SEMICOLON
    (89) decl_interna -> . ID MINUSPERCENT expr SEMICOLON
    (90) decl_interna -> . ID MINUSPERCENTEQUAL expr SEMICOLON
    (91) decl_interna -> . ID MINUSPIPE expr SEMICOLON
    (92) decl_interna -> . ID MINUSPIPEEQUAL expr SEMICOLON
    (93) decl_interna -> . ID PLUSPIPEEQUAL expr SEMICOLON decl_interna
    (94) decl_interna -> . ID MINUSEQUAL expr SEMICOLON decl_interna
    (95) decl_interna -> . ID MINUSPERCENT expr SEMICOLON decl_interna
    (96) decl_interna -> . ID MINUSPERCENTEQUAL expr SEMICOLON decl_interna
    (97) decl_interna -> . ID MINUSPIPE expr SEMICOLON decl_interna
    (98) decl_interna -> . ID MINUSPIPEEQUAL expr SEMICOLON decl_interna
    (99) decl_interna -> . expr SEMICOLON decl_interna
    (100) decl_interna -> . BREAK SEMICOLON decl_interna
    (101) decl_interna -> . RETURN expr SEMICOLON decl_interna
    (102) decl_interna -> . WHILE LPAREN expr RPAREN LBRACE decl_interna RBRACE decl_interna
    (103) decl_interna -> . FOR LPAREN INTEGER DOT2 INTEGER RPAREN PIPE ID PIPE LBRACE decl_interna RBRACE decl_interna
    (104) decl_interna -> . IF LPAREN expr RPAREN LBRACE decl_interna RBRACE decl_interna
    (47) expr -> . BUILTINIDENTIFIER LPAREN STRING RPAREN
    (48) expr -> . BUILTINIDENTIFIER LPAREN expr RPAREN DOT expr
    (49) expr -> . ID PLUS expr
    (50) expr -> . ID
    (51) expr -> . ID DOT expr
    (52) expr -> . call
    (53) expr -> . INTEGER
    (54) expr -> . ID MINUS expr
    (55) expr -> . ID SLASH expr
    (56) expr -> . ID ASTERISK expr
    (57) expr -> . ID RARROW expr
    (58) expr -> . ID LARROW expr
    (59) expr -> . ID PERCENT expr
    (60) expr -> . ID EQUALEQUAL expr
    (61) expr -> . ID AND expr
    (62) expr -> . ID OR expr
    (63) expr -> . TRUE
    (64) expr -> . FALSE
    (26) call -> . ID LPAREN args RPAREN
    (27) call -> . ID LPAREN RPAREN

    RBRACE          reduce using rule 89 (decl_interna -> ID MINUSPERCENT expr SEMICOLON .)
    BREAK           shift and go to state 141
    RETURN          shift and go to state 142
    WHILE           shift and go to state 144
    FOR             shift and go to state 145
    IF              shift and go to state 146
    VAR             shift and go to state 147
    CONST           shift and go to state 148
    ID              shift and go to state 138
    BUILTINIDENTIFIER shift and go to state 10
    INTEGER         shift and go to state 12
    TRUE            shift and go to state 13
    FALSE           shift and go to state 14

    expr                           shift and go to state 143
    decl_interna                   shift and go to state 230
    call                           shift and go to state 11

state 213

    (90) decl_interna -> ID MINUSPERCENTEQUAL expr SEMICOLON .
    (96) decl_interna -> ID MINUSPERCENTEQUAL expr SEMICOLON . decl_interna
    (65) decl_interna -> . BREAK SEMICOLON
    (66) decl_interna -> . RETURN expr SEMICOLON
    (67) decl_interna -> . WHILE LPAREN expr RPAREN LBRACE decl_interna RBRACE
    (68) decl_interna -> . FOR LPAREN INTEGER DOT2 INTEGER RPAREN PIPE ID PIPE LBRACE decl_interna RBRACE
    (69) decl_interna -> . expr SEMICOLON
    (70) decl_interna -> . IF LPAREN expr RPAREN LBRACE decl_interna RBRACE
    (71) decl_interna -> . VAR ID COLON tipo_retorno EQUAL expr SEMICOLON
    (72) decl_interna -> . CONST ID EQUAL expr SEMICOLON
    (73) decl_interna -> . CONST ID COLON tipo_retorno EQUAL expr SEMICOLON
    (74) decl_interna -> . VAR ID COLON tipo_retorno EQUAL expr SEMICOLON decl_interna
    (75) decl_interna -> . CONST ID EQUAL expr SEMICOLON decl_interna
    (76) decl_interna -> . CONST ID COLON tipo_retorno EQUAL expr SEMICOLON decl_interna
    (77) decl_interna -> . ID EQUAL expr SEMICOLON
    (78) decl_interna -> . ID PLUSEQUAL expr SEMICOLON
    (79) decl_interna -> . ID PLUSPERCENT expr SEMICOLON
    (80) decl_interna -> . ID PLUSPERCENTEQUAL expr SEMICOLON
    (81) decl_interna -> . ID PLUSPIPE expr SEMICOLON
    (82) decl_interna -> . ID EQUAL expr SEMICOLON decl_interna
    (83) decl_interna -> . ID PLUSEQUAL expr SEMICOLON decl_interna
    (84) decl_interna -> . ID PLUSPERCENT expr SEMICOLON decl_interna
    (85) decl_interna -> . ID PLUSPERCENTEQUAL expr SEMICOLON decl_interna
    (86) decl_interna -> . ID PLUSPIPE expr SEMICOLON decl_interna
    (87) decl_interna -> . ID PLUSPIPEEQUAL expr SEMICOLON
    (88) decl_interna -> . ID MINUSEQUAL expr SEMICOLON
    (89) decl_interna -> . ID MINUSPERCENT expr SEMICOLON
    (90) decl_interna -> . ID MINUSPERCENTEQUAL expr SEMICOLON
    (91) decl_interna -> . ID MINUSPIPE expr SEMICOLON
    (92) decl_interna -> . ID MINUSPIPEEQUAL expr SEMICOLON
    (93) decl_interna -> . ID PLUSPIPEEQUAL expr SEMICOLON decl_interna
    (94) decl_interna -> . ID MINUSEQUAL expr SEMICOLON decl_interna
    (95) decl_interna -> . ID MINUSPERCENT expr SEMICOLON decl_interna
    (96) decl_interna -> . ID MINUSPERCENTEQUAL expr SEMICOLON decl_interna
    (97) decl_interna -> . ID MINUSPIPE expr SEMICOLON decl_interna
    (98) decl_interna -> . ID MINUSPIPEEQUAL expr SEMICOLON decl_interna
    (99) decl_interna -> . expr SEMICOLON decl_interna
    (100) decl_interna -> . BREAK SEMICOLON decl_interna
    (101) decl_interna -> . RETURN expr SEMICOLON decl_interna
    (102) decl_interna -> . WHILE LPAREN expr RPAREN LBRACE decl_interna RBRACE decl_interna
    (103) decl_interna -> . FOR LPAREN INTEGER DOT2 INTEGER RPAREN PIPE ID PIPE LBRACE decl_interna RBRACE decl_interna
    (104) decl_interna -> . IF LPAREN expr RPAREN LBRACE decl_interna RBRACE decl_interna
    (47) expr -> . BUILTINIDENTIFIER LPAREN STRING RPAREN
    (48) expr -> . BUILTINIDENTIFIER LPAREN expr RPAREN DOT expr
    (49) expr -> . ID PLUS expr
    (50) expr -> . ID
    (51) expr -> . ID DOT expr
    (52) expr -> . call
    (53) expr -> . INTEGER
    (54) expr -> . ID MINUS expr
    (55) expr -> . ID SLASH expr
    (56) expr -> . ID ASTERISK expr
    (57) expr -> . ID RARROW expr
    (58) expr -> . ID LARROW expr
    (59) expr -> . ID PERCENT expr
    (60) expr -> . ID EQUALEQUAL expr
    (61) expr -> . ID AND expr
    (62) expr -> . ID OR expr
    (63) expr -> . TRUE
    (64) expr -> . FALSE
    (26) call -> . ID LPAREN args RPAREN
    (27) call -> . ID LPAREN RPAREN

    RBRACE          reduce using rule 90 (decl_interna -> ID MINUSPERCENTEQUAL expr SEMICOLON .)
    BREAK           shift and go to state 141
    RETURN          shift and go to state 142
    WHILE           shift and go to state 144
    FOR             shift and go to state 145
    IF              shift and go to state 146
    VAR             shift and go to state 147
    CONST           shift and go to state 148
    ID              shift and go to state 138
    BUILTINIDENTIFIER shift and go to state 10
    INTEGER         shift and go to state 12
    TRUE            shift and go to state 13
    FALSE           shift and go to state 14

    expr                           shift and go to state 143
    decl_interna                   shift and go to state 231
    call                           shift and go to state 11

state 214

    (91) decl_interna -> ID MINUSPIPE expr SEMICOLON .
    (97) decl_interna -> ID MINUSPIPE expr SEMICOLON . decl_interna
    (65) decl_interna -> . BREAK SEMICOLON
    (66) decl_interna -> . RETURN expr SEMICOLON
    (67) decl_interna -> . WHILE LPAREN expr RPAREN LBRACE decl_interna RBRACE
    (68) decl_interna -> . FOR LPAREN INTEGER DOT2 INTEGER RPAREN PIPE ID PIPE LBRACE decl_interna RBRACE
    (69) decl_interna -> . expr SEMICOLON
    (70) decl_interna -> . IF LPAREN expr RPAREN LBRACE decl_interna RBRACE
    (71) decl_interna -> . VAR ID COLON tipo_retorno EQUAL expr SEMICOLON
    (72) decl_interna -> . CONST ID EQUAL expr SEMICOLON
    (73) decl_interna -> . CONST ID COLON tipo_retorno EQUAL expr SEMICOLON
    (74) decl_interna -> . VAR ID COLON tipo_retorno EQUAL expr SEMICOLON decl_interna
    (75) decl_interna -> . CONST ID EQUAL expr SEMICOLON decl_interna
    (76) decl_interna -> . CONST ID COLON tipo_retorno EQUAL expr SEMICOLON decl_interna
    (77) decl_interna -> . ID EQUAL expr SEMICOLON
    (78) decl_interna -> . ID PLUSEQUAL expr SEMICOLON
    (79) decl_interna -> . ID PLUSPERCENT expr SEMICOLON
    (80) decl_interna -> . ID PLUSPERCENTEQUAL expr SEMICOLON
    (81) decl_interna -> . ID PLUSPIPE expr SEMICOLON
    (82) decl_interna -> . ID EQUAL expr SEMICOLON decl_interna
    (83) decl_interna -> . ID PLUSEQUAL expr SEMICOLON decl_interna
    (84) decl_interna -> . ID PLUSPERCENT expr SEMICOLON decl_interna
    (85) decl_interna -> . ID PLUSPERCENTEQUAL expr SEMICOLON decl_interna
    (86) decl_interna -> . ID PLUSPIPE expr SEMICOLON decl_interna
    (87) decl_interna -> . ID PLUSPIPEEQUAL expr SEMICOLON
    (88) decl_interna -> . ID MINUSEQUAL expr SEMICOLON
    (89) decl_interna -> . ID MINUSPERCENT expr SEMICOLON
    (90) decl_interna -> . ID MINUSPERCENTEQUAL expr SEMICOLON
    (91) decl_interna -> . ID MINUSPIPE expr SEMICOLON
    (92) decl_interna -> . ID MINUSPIPEEQUAL expr SEMICOLON
    (93) decl_interna -> . ID PLUSPIPEEQUAL expr SEMICOLON decl_interna
    (94) decl_interna -> . ID MINUSEQUAL expr SEMICOLON decl_interna
    (95) decl_interna -> . ID MINUSPERCENT expr SEMICOLON decl_interna
    (96) decl_interna -> . ID MINUSPERCENTEQUAL expr SEMICOLON decl_interna
    (97) decl_interna -> . ID MINUSPIPE expr SEMICOLON decl_interna
    (98) decl_interna -> . ID MINUSPIPEEQUAL expr SEMICOLON decl_interna
    (99) decl_interna -> . expr SEMICOLON decl_interna
    (100) decl_interna -> . BREAK SEMICOLON decl_interna
    (101) decl_interna -> . RETURN expr SEMICOLON decl_interna
    (102) decl_interna -> . WHILE LPAREN expr RPAREN LBRACE decl_interna RBRACE decl_interna
    (103) decl_interna -> . FOR LPAREN INTEGER DOT2 INTEGER RPAREN PIPE ID PIPE LBRACE decl_interna RBRACE decl_interna
    (104) decl_interna -> . IF LPAREN expr RPAREN LBRACE decl_interna RBRACE decl_interna
    (47) expr -> . BUILTINIDENTIFIER LPAREN STRING RPAREN
    (48) expr -> . BUILTINIDENTIFIER LPAREN expr RPAREN DOT expr
    (49) expr -> . ID PLUS expr
    (50) expr -> . ID
    (51) expr -> . ID DOT expr
    (52) expr -> . call
    (53) expr -> . INTEGER
    (54) expr -> . ID MINUS expr
    (55) expr -> . ID SLASH expr
    (56) expr -> . ID ASTERISK expr
    (57) expr -> . ID RARROW expr
    (58) expr -> . ID LARROW expr
    (59) expr -> . ID PERCENT expr
    (60) expr -> . ID EQUALEQUAL expr
    (61) expr -> . ID AND expr
    (62) expr -> . ID OR expr
    (63) expr -> . TRUE
    (64) expr -> . FALSE
    (26) call -> . ID LPAREN args RPAREN
    (27) call -> . ID LPAREN RPAREN

    RBRACE          reduce using rule 91 (decl_interna -> ID MINUSPIPE expr SEMICOLON .)
    BREAK           shift and go to state 141
    RETURN          shift and go to state 142
    WHILE           shift and go to state 144
    FOR             shift and go to state 145
    IF              shift and go to state 146
    VAR             shift and go to state 147
    CONST           shift and go to state 148
    ID              shift and go to state 138
    BUILTINIDENTIFIER shift and go to state 10
    INTEGER         shift and go to state 12
    TRUE            shift and go to state 13
    FALSE           shift and go to state 14

    expr                           shift and go to state 143
    decl_interna                   shift and go to state 232
    call                           shift and go to state 11

state 215

    (92) decl_interna -> ID MINUSPIPEEQUAL expr SEMICOLON .
    (98) decl_interna -> ID MINUSPIPEEQUAL expr SEMICOLON . decl_interna
    (65) decl_interna -> . BREAK SEMICOLON
    (66) decl_interna -> . RETURN expr SEMICOLON
    (67) decl_interna -> . WHILE LPAREN expr RPAREN LBRACE decl_interna RBRACE
    (68) decl_interna -> . FOR LPAREN INTEGER DOT2 INTEGER RPAREN PIPE ID PIPE LBRACE decl_interna RBRACE
    (69) decl_interna -> . expr SEMICOLON
    (70) decl_interna -> . IF LPAREN expr RPAREN LBRACE decl_interna RBRACE
    (71) decl_interna -> . VAR ID COLON tipo_retorno EQUAL expr SEMICOLON
    (72) decl_interna -> . CONST ID EQUAL expr SEMICOLON
    (73) decl_interna -> . CONST ID COLON tipo_retorno EQUAL expr SEMICOLON
    (74) decl_interna -> . VAR ID COLON tipo_retorno EQUAL expr SEMICOLON decl_interna
    (75) decl_interna -> . CONST ID EQUAL expr SEMICOLON decl_interna
    (76) decl_interna -> . CONST ID COLON tipo_retorno EQUAL expr SEMICOLON decl_interna
    (77) decl_interna -> . ID EQUAL expr SEMICOLON
    (78) decl_interna -> . ID PLUSEQUAL expr SEMICOLON
    (79) decl_interna -> . ID PLUSPERCENT expr SEMICOLON
    (80) decl_interna -> . ID PLUSPERCENTEQUAL expr SEMICOLON
    (81) decl_interna -> . ID PLUSPIPE expr SEMICOLON
    (82) decl_interna -> . ID EQUAL expr SEMICOLON decl_interna
    (83) decl_interna -> . ID PLUSEQUAL expr SEMICOLON decl_interna
    (84) decl_interna -> . ID PLUSPERCENT expr SEMICOLON decl_interna
    (85) decl_interna -> . ID PLUSPERCENTEQUAL expr SEMICOLON decl_interna
    (86) decl_interna -> . ID PLUSPIPE expr SEMICOLON decl_interna
    (87) decl_interna -> . ID PLUSPIPEEQUAL expr SEMICOLON
    (88) decl_interna -> . ID MINUSEQUAL expr SEMICOLON
    (89) decl_interna -> . ID MINUSPERCENT expr SEMICOLON
    (90) decl_interna -> . ID MINUSPERCENTEQUAL expr SEMICOLON
    (91) decl_interna -> . ID MINUSPIPE expr SEMICOLON
    (92) decl_interna -> . ID MINUSPIPEEQUAL expr SEMICOLON
    (93) decl_interna -> . ID PLUSPIPEEQUAL expr SEMICOLON decl_interna
    (94) decl_interna -> . ID MINUSEQUAL expr SEMICOLON decl_interna
    (95) decl_interna -> . ID MINUSPERCENT expr SEMICOLON decl_interna
    (96) decl_interna -> . ID MINUSPERCENTEQUAL expr SEMICOLON decl_interna
    (97) decl_interna -> . ID MINUSPIPE expr SEMICOLON decl_interna
    (98) decl_interna -> . ID MINUSPIPEEQUAL expr SEMICOLON decl_interna
    (99) decl_interna -> . expr SEMICOLON decl_interna
    (100) decl_interna -> . BREAK SEMICOLON decl_interna
    (101) decl_interna -> . RETURN expr SEMICOLON decl_interna
    (102) decl_interna -> . WHILE LPAREN expr RPAREN LBRACE decl_interna RBRACE decl_interna
    (103) decl_interna -> . FOR LPAREN INTEGER DOT2 INTEGER RPAREN PIPE ID PIPE LBRACE decl_interna RBRACE decl_interna
    (104) decl_interna -> . IF LPAREN expr RPAREN LBRACE decl_interna RBRACE decl_interna
    (47) expr -> . BUILTINIDENTIFIER LPAREN STRING RPAREN
    (48) expr -> . BUILTINIDENTIFIER LPAREN expr RPAREN DOT expr
    (49) expr -> . ID PLUS expr
    (50) expr -> . ID
    (51) expr -> . ID DOT expr
    (52) expr -> . call
    (53) expr -> . INTEGER
    (54) expr -> . ID MINUS expr
    (55) expr -> . ID SLASH expr
    (56) expr -> . ID ASTERISK expr
    (57) expr -> . ID RARROW expr
    (58) expr -> . ID LARROW expr
    (59) expr -> . ID PERCENT expr
    (60) expr -> . ID EQUALEQUAL expr
    (61) expr -> . ID AND expr
    (62) expr -> . ID OR expr
    (63) expr -> . TRUE
    (64) expr -> . FALSE
    (26) call -> . ID LPAREN args RPAREN
    (27) call -> . ID LPAREN RPAREN

    RBRACE          reduce using rule 92 (decl_interna -> ID MINUSPIPEEQUAL expr SEMICOLON .)
    BREAK           shift and go to state 141
    RETURN          shift and go to state 142
    WHILE           shift and go to state 144
    FOR             shift and go to state 145
    IF              shift and go to state 146
    VAR             shift and go to state 147
    CONST           shift and go to state 148
    ID              shift and go to state 138
    BUILTINIDENTIFIER shift and go to state 10
    INTEGER         shift and go to state 12
    TRUE            shift and go to state 13
    FALSE           shift and go to state 14

    expr                           shift and go to state 143
    decl_interna                   shift and go to state 233
    call                           shift and go to state 11

state 216

    (101) decl_interna -> RETURN expr SEMICOLON decl_interna .

    RBRACE          reduce using rule 101 (decl_interna -> RETURN expr SEMICOLON decl_interna .)


state 217

    (67) decl_interna -> WHILE LPAREN expr RPAREN . LBRACE decl_interna RBRACE
    (102) decl_interna -> WHILE LPAREN expr RPAREN . LBRACE decl_interna RBRACE decl_interna

    LBRACE          shift and go to state 234


state 218

    (68) decl_interna -> FOR LPAREN INTEGER DOT2 . INTEGER RPAREN PIPE ID PIPE LBRACE decl_interna RBRACE
    (103) decl_interna -> FOR LPAREN INTEGER DOT2 . INTEGER RPAREN PIPE ID PIPE LBRACE decl_interna RBRACE decl_interna

    INTEGER         shift and go to state 235


state 219

    (70) decl_interna -> IF LPAREN expr RPAREN . LBRACE decl_interna RBRACE
    (104) decl_interna -> IF LPAREN expr RPAREN . LBRACE decl_interna RBRACE decl_interna

    LBRACE          shift and go to state 236


state 220

    (71) decl_interna -> VAR ID COLON tipo_retorno . EQUAL expr SEMICOLON
    (74) decl_interna -> VAR ID COLON tipo_retorno . EQUAL expr SEMICOLON decl_interna

    EQUAL           shift and go to state 237


state 221

    (72) decl_interna -> CONST ID EQUAL expr . SEMICOLON
    (75) decl_interna -> CONST ID EQUAL expr . SEMICOLON decl_interna

    SEMICOLON       shift and go to state 238


state 222

    (73) decl_interna -> CONST ID COLON tipo_retorno . EQUAL expr SEMICOLON
    (76) decl_interna -> CONST ID COLON tipo_retorno . EQUAL expr SEMICOLON decl_interna

    EQUAL           shift and go to state 239


state 223

    (82) decl_interna -> ID EQUAL expr SEMICOLON decl_interna .

    RBRACE          reduce using rule 82 (decl_interna -> ID EQUAL expr SEMICOLON decl_interna .)


state 224

    (83) decl_interna -> ID PLUSEQUAL expr SEMICOLON decl_interna .

    RBRACE          reduce using rule 83 (decl_interna -> ID PLUSEQUAL expr SEMICOLON decl_interna .)


state 225

    (84) decl_interna -> ID PLUSPERCENT expr SEMICOLON decl_interna .

    RBRACE          reduce using rule 84 (decl_interna -> ID PLUSPERCENT expr SEMICOLON decl_interna .)


state 226

    (85) decl_interna -> ID PLUSPERCENTEQUAL expr SEMICOLON decl_interna .

    RBRACE          reduce using rule 85 (decl_interna -> ID PLUSPERCENTEQUAL expr SEMICOLON decl_interna .)


state 227

    (86) decl_interna -> ID PLUSPIPE expr SEMICOLON decl_interna .

    RBRACE          reduce using rule 86 (decl_interna -> ID PLUSPIPE expr SEMICOLON decl_interna .)


state 228

    (93) decl_interna -> ID PLUSPIPEEQUAL expr SEMICOLON decl_interna .

    RBRACE          reduce using rule 93 (decl_interna -> ID PLUSPIPEEQUAL expr SEMICOLON decl_interna .)


state 229

    (94) decl_interna -> ID MINUSEQUAL expr SEMICOLON decl_interna .

    RBRACE          reduce using rule 94 (decl_interna -> ID MINUSEQUAL expr SEMICOLON decl_interna .)


state 230

    (95) decl_interna -> ID MINUSPERCENT expr SEMICOLON decl_interna .

    RBRACE          reduce using rule 95 (decl_interna -> ID MINUSPERCENT expr SEMICOLON decl_interna .)


state 231

    (96) decl_interna -> ID MINUSPERCENTEQUAL expr SEMICOLON decl_interna .

    RBRACE          reduce using rule 96 (decl_interna -> ID MINUSPERCENTEQUAL expr SEMICOLON decl_interna .)


state 232

    (97) decl_interna -> ID MINUSPIPE expr SEMICOLON decl_interna .

    RBRACE          reduce using rule 97 (decl_interna -> ID MINUSPIPE expr SEMICOLON decl_interna .)


state 233

    (98) decl_interna -> ID MINUSPIPEEQUAL expr SEMICOLON decl_interna .

    RBRACE          reduce using rule 98 (decl_interna -> ID MINUSPIPEEQUAL expr SEMICOLON decl_interna .)


state 234

    (67) decl_interna -> WHILE LPAREN expr RPAREN LBRACE . decl_interna RBRACE
    (102) decl_interna -> WHILE LPAREN expr RPAREN LBRACE . decl_interna RBRACE decl_interna
    (65) decl_interna -> . BREAK SEMICOLON
    (66) decl_interna -> . RETURN expr SEMICOLON
    (67) decl_interna -> . WHILE LPAREN expr RPAREN LBRACE decl_interna RBRACE
    (68) decl_interna -> . FOR LPAREN INTEGER DOT2 INTEGER RPAREN PIPE ID PIPE LBRACE decl_interna RBRACE
    (69) decl_interna -> . expr SEMICOLON
    (70) decl_interna -> . IF LPAREN expr RPAREN LBRACE decl_interna RBRACE
    (71) decl_interna -> . VAR ID COLON tipo_retorno EQUAL expr SEMICOLON
    (72) decl_interna -> . CONST ID EQUAL expr SEMICOLON
    (73) decl_interna -> . CONST ID COLON tipo_retorno EQUAL expr SEMICOLON
    (74) decl_interna -> . VAR ID COLON tipo_retorno EQUAL expr SEMICOLON decl_interna
    (75) decl_interna -> . CONST ID EQUAL expr SEMICOLON decl_interna
    (76) decl_interna -> . CONST ID COLON tipo_retorno EQUAL expr SEMICOLON decl_interna
    (77) decl_interna -> . ID EQUAL expr SEMICOLON
    (78) decl_interna -> . ID PLUSEQUAL expr SEMICOLON
    (79) decl_interna -> . ID PLUSPERCENT expr SEMICOLON
    (80) decl_interna -> . ID PLUSPERCENTEQUAL expr SEMICOLON
    (81) decl_interna -> . ID PLUSPIPE expr SEMICOLON
    (82) decl_interna -> . ID EQUAL expr SEMICOLON decl_interna
    (83) decl_interna -> . ID PLUSEQUAL expr SEMICOLON decl_interna
    (84) decl_interna -> . ID PLUSPERCENT expr SEMICOLON decl_interna
    (85) decl_interna -> . ID PLUSPERCENTEQUAL expr SEMICOLON decl_interna
    (86) decl_interna -> . ID PLUSPIPE expr SEMICOLON decl_interna
    (87) decl_interna -> . ID PLUSPIPEEQUAL expr SEMICOLON
    (88) decl_interna -> . ID MINUSEQUAL expr SEMICOLON
    (89) decl_interna -> . ID MINUSPERCENT expr SEMICOLON
    (90) decl_interna -> . ID MINUSPERCENTEQUAL expr SEMICOLON
    (91) decl_interna -> . ID MINUSPIPE expr SEMICOLON
    (92) decl_interna -> . ID MINUSPIPEEQUAL expr SEMICOLON
    (93) decl_interna -> . ID PLUSPIPEEQUAL expr SEMICOLON decl_interna
    (94) decl_interna -> . ID MINUSEQUAL expr SEMICOLON decl_interna
    (95) decl_interna -> . ID MINUSPERCENT expr SEMICOLON decl_interna
    (96) decl_interna -> . ID MINUSPERCENTEQUAL expr SEMICOLON decl_interna
    (97) decl_interna -> . ID MINUSPIPE expr SEMICOLON decl_interna
    (98) decl_interna -> . ID MINUSPIPEEQUAL expr SEMICOLON decl_interna
    (99) decl_interna -> . expr SEMICOLON decl_interna
    (100) decl_interna -> . BREAK SEMICOLON decl_interna
    (101) decl_interna -> . RETURN expr SEMICOLON decl_interna
    (102) decl_interna -> . WHILE LPAREN expr RPAREN LBRACE decl_interna RBRACE decl_interna
    (103) decl_interna -> . FOR LPAREN INTEGER DOT2 INTEGER RPAREN PIPE ID PIPE LBRACE decl_interna RBRACE decl_interna
    (104) decl_interna -> . IF LPAREN expr RPAREN LBRACE decl_interna RBRACE decl_interna
    (47) expr -> . BUILTINIDENTIFIER LPAREN STRING RPAREN
    (48) expr -> . BUILTINIDENTIFIER LPAREN expr RPAREN DOT expr
    (49) expr -> . ID PLUS expr
    (50) expr -> . ID
    (51) expr -> . ID DOT expr
    (52) expr -> . call
    (53) expr -> . INTEGER
    (54) expr -> . ID MINUS expr
    (55) expr -> . ID SLASH expr
    (56) expr -> . ID ASTERISK expr
    (57) expr -> . ID RARROW expr
    (58) expr -> . ID LARROW expr
    (59) expr -> . ID PERCENT expr
    (60) expr -> . ID EQUALEQUAL expr
    (61) expr -> . ID AND expr
    (62) expr -> . ID OR expr
    (63) expr -> . TRUE
    (64) expr -> . FALSE
    (26) call -> . ID LPAREN args RPAREN
    (27) call -> . ID LPAREN RPAREN

    BREAK           shift and go to state 141
    RETURN          shift and go to state 142
    WHILE           shift and go to state 144
    FOR             shift and go to state 145
    IF              shift and go to state 146
    VAR             shift and go to state 147
    CONST           shift and go to state 148
    ID              shift and go to state 138
    BUILTINIDENTIFIER shift and go to state 10
    INTEGER         shift and go to state 12
    TRUE            shift and go to state 13
    FALSE           shift and go to state 14

    expr                           shift and go to state 143
    decl_interna                   shift and go to state 240
    call                           shift and go to state 11

state 235

    (68) decl_interna -> FOR LPAREN INTEGER DOT2 INTEGER . RPAREN PIPE ID PIPE LBRACE decl_interna RBRACE
    (103) decl_interna -> FOR LPAREN INTEGER DOT2 INTEGER . RPAREN PIPE ID PIPE LBRACE decl_interna RBRACE decl_interna

    RPAREN          shift and go to state 241


state 236

    (70) decl_interna -> IF LPAREN expr RPAREN LBRACE . decl_interna RBRACE
    (104) decl_interna -> IF LPAREN expr RPAREN LBRACE . decl_interna RBRACE decl_interna
    (65) decl_interna -> . BREAK SEMICOLON
    (66) decl_interna -> . RETURN expr SEMICOLON
    (67) decl_interna -> . WHILE LPAREN expr RPAREN LBRACE decl_interna RBRACE
    (68) decl_interna -> . FOR LPAREN INTEGER DOT2 INTEGER RPAREN PIPE ID PIPE LBRACE decl_interna RBRACE
    (69) decl_interna -> . expr SEMICOLON
    (70) decl_interna -> . IF LPAREN expr RPAREN LBRACE decl_interna RBRACE
    (71) decl_interna -> . VAR ID COLON tipo_retorno EQUAL expr SEMICOLON
    (72) decl_interna -> . CONST ID EQUAL expr SEMICOLON
    (73) decl_interna -> . CONST ID COLON tipo_retorno EQUAL expr SEMICOLON
    (74) decl_interna -> . VAR ID COLON tipo_retorno EQUAL expr SEMICOLON decl_interna
    (75) decl_interna -> . CONST ID EQUAL expr SEMICOLON decl_interna
    (76) decl_interna -> . CONST ID COLON tipo_retorno EQUAL expr SEMICOLON decl_interna
    (77) decl_interna -> . ID EQUAL expr SEMICOLON
    (78) decl_interna -> . ID PLUSEQUAL expr SEMICOLON
    (79) decl_interna -> . ID PLUSPERCENT expr SEMICOLON
    (80) decl_interna -> . ID PLUSPERCENTEQUAL expr SEMICOLON
    (81) decl_interna -> . ID PLUSPIPE expr SEMICOLON
    (82) decl_interna -> . ID EQUAL expr SEMICOLON decl_interna
    (83) decl_interna -> . ID PLUSEQUAL expr SEMICOLON decl_interna
    (84) decl_interna -> . ID PLUSPERCENT expr SEMICOLON decl_interna
    (85) decl_interna -> . ID PLUSPERCENTEQUAL expr SEMICOLON decl_interna
    (86) decl_interna -> . ID PLUSPIPE expr SEMICOLON decl_interna
    (87) decl_interna -> . ID PLUSPIPEEQUAL expr SEMICOLON
    (88) decl_interna -> . ID MINUSEQUAL expr SEMICOLON
    (89) decl_interna -> . ID MINUSPERCENT expr SEMICOLON
    (90) decl_interna -> . ID MINUSPERCENTEQUAL expr SEMICOLON
    (91) decl_interna -> . ID MINUSPIPE expr SEMICOLON
    (92) decl_interna -> . ID MINUSPIPEEQUAL expr SEMICOLON
    (93) decl_interna -> . ID PLUSPIPEEQUAL expr SEMICOLON decl_interna
    (94) decl_interna -> . ID MINUSEQUAL expr SEMICOLON decl_interna
    (95) decl_interna -> . ID MINUSPERCENT expr SEMICOLON decl_interna
    (96) decl_interna -> . ID MINUSPERCENTEQUAL expr SEMICOLON decl_interna
    (97) decl_interna -> . ID MINUSPIPE expr SEMICOLON decl_interna
    (98) decl_interna -> . ID MINUSPIPEEQUAL expr SEMICOLON decl_interna
    (99) decl_interna -> . expr SEMICOLON decl_interna
    (100) decl_interna -> . BREAK SEMICOLON decl_interna
    (101) decl_interna -> . RETURN expr SEMICOLON decl_interna
    (102) decl_interna -> . WHILE LPAREN expr RPAREN LBRACE decl_interna RBRACE decl_interna
    (103) decl_interna -> . FOR LPAREN INTEGER DOT2 INTEGER RPAREN PIPE ID PIPE LBRACE decl_interna RBRACE decl_interna
    (104) decl_interna -> . IF LPAREN expr RPAREN LBRACE decl_interna RBRACE decl_interna
    (47) expr -> . BUILTINIDENTIFIER LPAREN STRING RPAREN
    (48) expr -> . BUILTINIDENTIFIER LPAREN expr RPAREN DOT expr
    (49) expr -> . ID PLUS expr
    (50) expr -> . ID
    (51) expr -> . ID DOT expr
    (52) expr -> . call
    (53) expr -> . INTEGER
    (54) expr -> . ID MINUS expr
    (55) expr -> . ID SLASH expr
    (56) expr -> . ID ASTERISK expr
    (57) expr -> . ID RARROW expr
    (58) expr -> . ID LARROW expr
    (59) expr -> . ID PERCENT expr
    (60) expr -> . ID EQUALEQUAL expr
    (61) expr -> . ID AND expr
    (62) expr -> . ID OR expr
    (63) expr -> . TRUE
    (64) expr -> . FALSE
    (26) call -> . ID LPAREN args RPAREN
    (27) call -> . ID LPAREN RPAREN

    BREAK           shift and go to state 141
    RETURN          shift and go to state 142
    WHILE           shift and go to state 144
    FOR             shift and go to state 145
    IF              shift and go to state 146
    VAR             shift and go to state 147
    CONST           shift and go to state 148
    ID              shift and go to state 138
    BUILTINIDENTIFIER shift and go to state 10
    INTEGER         shift and go to state 12
    TRUE            shift and go to state 13
    FALSE           shift and go to state 14

    expr                           shift and go to state 143
    decl_interna                   shift and go to state 242
    call                           shift and go to state 11

state 237

    (71) decl_interna -> VAR ID COLON tipo_retorno EQUAL . expr SEMICOLON
    (74) decl_interna -> VAR ID COLON tipo_retorno EQUAL . expr SEMICOLON decl_interna
    (47) expr -> . BUILTINIDENTIFIER LPAREN STRING RPAREN
    (48) expr -> . BUILTINIDENTIFIER LPAREN expr RPAREN DOT expr
    (49) expr -> . ID PLUS expr
    (50) expr -> . ID
    (51) expr -> . ID DOT expr
    (52) expr -> . call
    (53) expr -> . INTEGER
    (54) expr -> . ID MINUS expr
    (55) expr -> . ID SLASH expr
    (56) expr -> . ID ASTERISK expr
    (57) expr -> . ID RARROW expr
    (58) expr -> . ID LARROW expr
    (59) expr -> . ID PERCENT expr
    (60) expr -> . ID EQUALEQUAL expr
    (61) expr -> . ID AND expr
    (62) expr -> . ID OR expr
    (63) expr -> . TRUE
    (64) expr -> . FALSE
    (26) call -> . ID LPAREN args RPAREN
    (27) call -> . ID LPAREN RPAREN

    BUILTINIDENTIFIER shift and go to state 10
    ID              shift and go to state 48
    INTEGER         shift and go to state 12
    TRUE            shift and go to state 13
    FALSE           shift and go to state 14

    expr                           shift and go to state 243
    call                           shift and go to state 11

state 238

    (72) decl_interna -> CONST ID EQUAL expr SEMICOLON .
    (75) decl_interna -> CONST ID EQUAL expr SEMICOLON . decl_interna
    (65) decl_interna -> . BREAK SEMICOLON
    (66) decl_interna -> . RETURN expr SEMICOLON
    (67) decl_interna -> . WHILE LPAREN expr RPAREN LBRACE decl_interna RBRACE
    (68) decl_interna -> . FOR LPAREN INTEGER DOT2 INTEGER RPAREN PIPE ID PIPE LBRACE decl_interna RBRACE
    (69) decl_interna -> . expr SEMICOLON
    (70) decl_interna -> . IF LPAREN expr RPAREN LBRACE decl_interna RBRACE
    (71) decl_interna -> . VAR ID COLON tipo_retorno EQUAL expr SEMICOLON
    (72) decl_interna -> . CONST ID EQUAL expr SEMICOLON
    (73) decl_interna -> . CONST ID COLON tipo_retorno EQUAL expr SEMICOLON
    (74) decl_interna -> . VAR ID COLON tipo_retorno EQUAL expr SEMICOLON decl_interna
    (75) decl_interna -> . CONST ID EQUAL expr SEMICOLON decl_interna
    (76) decl_interna -> . CONST ID COLON tipo_retorno EQUAL expr SEMICOLON decl_interna
    (77) decl_interna -> . ID EQUAL expr SEMICOLON
    (78) decl_interna -> . ID PLUSEQUAL expr SEMICOLON
    (79) decl_interna -> . ID PLUSPERCENT expr SEMICOLON
    (80) decl_interna -> . ID PLUSPERCENTEQUAL expr SEMICOLON
    (81) decl_interna -> . ID PLUSPIPE expr SEMICOLON
    (82) decl_interna -> . ID EQUAL expr SEMICOLON decl_interna
    (83) decl_interna -> . ID PLUSEQUAL expr SEMICOLON decl_interna
    (84) decl_interna -> . ID PLUSPERCENT expr SEMICOLON decl_interna
    (85) decl_interna -> . ID PLUSPERCENTEQUAL expr SEMICOLON decl_interna
    (86) decl_interna -> . ID PLUSPIPE expr SEMICOLON decl_interna
    (87) decl_interna -> . ID PLUSPIPEEQUAL expr SEMICOLON
    (88) decl_interna -> . ID MINUSEQUAL expr SEMICOLON
    (89) decl_interna -> . ID MINUSPERCENT expr SEMICOLON
    (90) decl_interna -> . ID MINUSPERCENTEQUAL expr SEMICOLON
    (91) decl_interna -> . ID MINUSPIPE expr SEMICOLON
    (92) decl_interna -> . ID MINUSPIPEEQUAL expr SEMICOLON
    (93) decl_interna -> . ID PLUSPIPEEQUAL expr SEMICOLON decl_interna
    (94) decl_interna -> . ID MINUSEQUAL expr SEMICOLON decl_interna
    (95) decl_interna -> . ID MINUSPERCENT expr SEMICOLON decl_interna
    (96) decl_interna -> . ID MINUSPERCENTEQUAL expr SEMICOLON decl_interna
    (97) decl_interna -> . ID MINUSPIPE expr SEMICOLON decl_interna
    (98) decl_interna -> . ID MINUSPIPEEQUAL expr SEMICOLON decl_interna
    (99) decl_interna -> . expr SEMICOLON decl_interna
    (100) decl_interna -> . BREAK SEMICOLON decl_interna
    (101) decl_interna -> . RETURN expr SEMICOLON decl_interna
    (102) decl_interna -> . WHILE LPAREN expr RPAREN LBRACE decl_interna RBRACE decl_interna
    (103) decl_interna -> . FOR LPAREN INTEGER DOT2 INTEGER RPAREN PIPE ID PIPE LBRACE decl_interna RBRACE decl_interna
    (104) decl_interna -> . IF LPAREN expr RPAREN LBRACE decl_interna RBRACE decl_interna
    (47) expr -> . BUILTINIDENTIFIER LPAREN STRING RPAREN
    (48) expr -> . BUILTINIDENTIFIER LPAREN expr RPAREN DOT expr
    (49) expr -> . ID PLUS expr
    (50) expr -> . ID
    (51) expr -> . ID DOT expr
    (52) expr -> . call
    (53) expr -> . INTEGER
    (54) expr -> . ID MINUS expr
    (55) expr -> . ID SLASH expr
    (56) expr -> . ID ASTERISK expr
    (57) expr -> . ID RARROW expr
    (58) expr -> . ID LARROW expr
    (59) expr -> . ID PERCENT expr
    (60) expr -> . ID EQUALEQUAL expr
    (61) expr -> . ID AND expr
    (62) expr -> . ID OR expr
    (63) expr -> . TRUE
    (64) expr -> . FALSE
    (26) call -> . ID LPAREN args RPAREN
    (27) call -> . ID LPAREN RPAREN

    RBRACE          reduce using rule 72 (decl_interna -> CONST ID EQUAL expr SEMICOLON .)
    BREAK           shift and go to state 141
    RETURN          shift and go to state 142
    WHILE           shift and go to state 144
    FOR             shift and go to state 145
    IF              shift and go to state 146
    VAR             shift and go to state 147
    CONST           shift and go to state 148
    ID              shift and go to state 138
    BUILTINIDENTIFIER shift and go to state 10
    INTEGER         shift and go to state 12
    TRUE            shift and go to state 13
    FALSE           shift and go to state 14

    expr                           shift and go to state 143
    decl_interna                   shift and go to state 244
    call                           shift and go to state 11

state 239

    (73) decl_interna -> CONST ID COLON tipo_retorno EQUAL . expr SEMICOLON
    (76) decl_interna -> CONST ID COLON tipo_retorno EQUAL . expr SEMICOLON decl_interna
    (47) expr -> . BUILTINIDENTIFIER LPAREN STRING RPAREN
    (48) expr -> . BUILTINIDENTIFIER LPAREN expr RPAREN DOT expr
    (49) expr -> . ID PLUS expr
    (50) expr -> . ID
    (51) expr -> . ID DOT expr
    (52) expr -> . call
    (53) expr -> . INTEGER
    (54) expr -> . ID MINUS expr
    (55) expr -> . ID SLASH expr
    (56) expr -> . ID ASTERISK expr
    (57) expr -> . ID RARROW expr
    (58) expr -> . ID LARROW expr
    (59) expr -> . ID PERCENT expr
    (60) expr -> . ID EQUALEQUAL expr
    (61) expr -> . ID AND expr
    (62) expr -> . ID OR expr
    (63) expr -> . TRUE
    (64) expr -> . FALSE
    (26) call -> . ID LPAREN args RPAREN
    (27) call -> . ID LPAREN RPAREN

    BUILTINIDENTIFIER shift and go to state 10
    ID              shift and go to state 48
    INTEGER         shift and go to state 12
    TRUE            shift and go to state 13
    FALSE           shift and go to state 14

    expr                           shift and go to state 245
    call                           shift and go to state 11

state 240

    (67) decl_interna -> WHILE LPAREN expr RPAREN LBRACE decl_interna . RBRACE
    (102) decl_interna -> WHILE LPAREN expr RPAREN LBRACE decl_interna . RBRACE decl_interna

    RBRACE          shift and go to state 246


state 241

    (68) decl_interna -> FOR LPAREN INTEGER DOT2 INTEGER RPAREN . PIPE ID PIPE LBRACE decl_interna RBRACE
    (103) decl_interna -> FOR LPAREN INTEGER DOT2 INTEGER RPAREN . PIPE ID PIPE LBRACE decl_interna RBRACE decl_interna

    PIPE            shift and go to state 247


state 242

    (70) decl_interna -> IF LPAREN expr RPAREN LBRACE decl_interna . RBRACE
    (104) decl_interna -> IF LPAREN expr RPAREN LBRACE decl_interna . RBRACE decl_interna

    RBRACE          shift and go to state 248


state 243

    (71) decl_interna -> VAR ID COLON tipo_retorno EQUAL expr . SEMICOLON
    (74) decl_interna -> VAR ID COLON tipo_retorno EQUAL expr . SEMICOLON decl_interna

    SEMICOLON       shift and go to state 249


state 244

    (75) decl_interna -> CONST ID EQUAL expr SEMICOLON decl_interna .

    RBRACE          reduce using rule 75 (decl_interna -> CONST ID EQUAL expr SEMICOLON decl_interna .)


state 245

    (73) decl_interna -> CONST ID COLON tipo_retorno EQUAL expr . SEMICOLON
    (76) decl_interna -> CONST ID COLON tipo_retorno EQUAL expr . SEMICOLON decl_interna

    SEMICOLON       shift and go to state 250


state 246

    (67) decl_interna -> WHILE LPAREN expr RPAREN LBRACE decl_interna RBRACE .
    (102) decl_interna -> WHILE LPAREN expr RPAREN LBRACE decl_interna RBRACE . decl_interna
    (65) decl_interna -> . BREAK SEMICOLON
    (66) decl_interna -> . RETURN expr SEMICOLON
    (67) decl_interna -> . WHILE LPAREN expr RPAREN LBRACE decl_interna RBRACE
    (68) decl_interna -> . FOR LPAREN INTEGER DOT2 INTEGER RPAREN PIPE ID PIPE LBRACE decl_interna RBRACE
    (69) decl_interna -> . expr SEMICOLON
    (70) decl_interna -> . IF LPAREN expr RPAREN LBRACE decl_interna RBRACE
    (71) decl_interna -> . VAR ID COLON tipo_retorno EQUAL expr SEMICOLON
    (72) decl_interna -> . CONST ID EQUAL expr SEMICOLON
    (73) decl_interna -> . CONST ID COLON tipo_retorno EQUAL expr SEMICOLON
    (74) decl_interna -> . VAR ID COLON tipo_retorno EQUAL expr SEMICOLON decl_interna
    (75) decl_interna -> . CONST ID EQUAL expr SEMICOLON decl_interna
    (76) decl_interna -> . CONST ID COLON tipo_retorno EQUAL expr SEMICOLON decl_interna
    (77) decl_interna -> . ID EQUAL expr SEMICOLON
    (78) decl_interna -> . ID PLUSEQUAL expr SEMICOLON
    (79) decl_interna -> . ID PLUSPERCENT expr SEMICOLON
    (80) decl_interna -> . ID PLUSPERCENTEQUAL expr SEMICOLON
    (81) decl_interna -> . ID PLUSPIPE expr SEMICOLON
    (82) decl_interna -> . ID EQUAL expr SEMICOLON decl_interna
    (83) decl_interna -> . ID PLUSEQUAL expr SEMICOLON decl_interna
    (84) decl_interna -> . ID PLUSPERCENT expr SEMICOLON decl_interna
    (85) decl_interna -> . ID PLUSPERCENTEQUAL expr SEMICOLON decl_interna
    (86) decl_interna -> . ID PLUSPIPE expr SEMICOLON decl_interna
    (87) decl_interna -> . ID PLUSPIPEEQUAL expr SEMICOLON
    (88) decl_interna -> . ID MINUSEQUAL expr SEMICOLON
    (89) decl_interna -> . ID MINUSPERCENT expr SEMICOLON
    (90) decl_interna -> . ID MINUSPERCENTEQUAL expr SEMICOLON
    (91) decl_interna -> . ID MINUSPIPE expr SEMICOLON
    (92) decl_interna -> . ID MINUSPIPEEQUAL expr SEMICOLON
    (93) decl_interna -> . ID PLUSPIPEEQUAL expr SEMICOLON decl_interna
    (94) decl_interna -> . ID MINUSEQUAL expr SEMICOLON decl_interna
    (95) decl_interna -> . ID MINUSPERCENT expr SEMICOLON decl_interna
    (96) decl_interna -> . ID MINUSPERCENTEQUAL expr SEMICOLON decl_interna
    (97) decl_interna -> . ID MINUSPIPE expr SEMICOLON decl_interna
    (98) decl_interna -> . ID MINUSPIPEEQUAL expr SEMICOLON decl_interna
    (99) decl_interna -> . expr SEMICOLON decl_interna
    (100) decl_interna -> . BREAK SEMICOLON decl_interna
    (101) decl_interna -> . RETURN expr SEMICOLON decl_interna
    (102) decl_interna -> . WHILE LPAREN expr RPAREN LBRACE decl_interna RBRACE decl_interna
    (103) decl_interna -> . FOR LPAREN INTEGER DOT2 INTEGER RPAREN PIPE ID PIPE LBRACE decl_interna RBRACE decl_interna
    (104) decl_interna -> . IF LPAREN expr RPAREN LBRACE decl_interna RBRACE decl_interna
    (47) expr -> . BUILTINIDENTIFIER LPAREN STRING RPAREN
    (48) expr -> . BUILTINIDENTIFIER LPAREN expr RPAREN DOT expr
    (49) expr -> . ID PLUS expr
    (50) expr -> . ID
    (51) expr -> . ID DOT expr
    (52) expr -> . call
    (53) expr -> . INTEGER
    (54) expr -> . ID MINUS expr
    (55) expr -> . ID SLASH expr
    (56) expr -> . ID ASTERISK expr
    (57) expr -> . ID RARROW expr
    (58) expr -> . ID LARROW expr
    (59) expr -> . ID PERCENT expr
    (60) expr -> . ID EQUALEQUAL expr
    (61) expr -> . ID AND expr
    (62) expr -> . ID OR expr
    (63) expr -> . TRUE
    (64) expr -> . FALSE
    (26) call -> . ID LPAREN args RPAREN
    (27) call -> . ID LPAREN RPAREN

    RBRACE          reduce using rule 67 (decl_interna -> WHILE LPAREN expr RPAREN LBRACE decl_interna RBRACE .)
    BREAK           shift and go to state 141
    RETURN          shift and go to state 142
    WHILE           shift and go to state 144
    FOR             shift and go to state 145
    IF              shift and go to state 146
    VAR             shift and go to state 147
    CONST           shift and go to state 148
    ID              shift and go to state 138
    BUILTINIDENTIFIER shift and go to state 10
    INTEGER         shift and go to state 12
    TRUE            shift and go to state 13
    FALSE           shift and go to state 14

    expr                           shift and go to state 143
    decl_interna                   shift and go to state 251
    call                           shift and go to state 11

state 247

    (68) decl_interna -> FOR LPAREN INTEGER DOT2 INTEGER RPAREN PIPE . ID PIPE LBRACE decl_interna RBRACE
    (103) decl_interna -> FOR LPAREN INTEGER DOT2 INTEGER RPAREN PIPE . ID PIPE LBRACE decl_interna RBRACE decl_interna

    ID              shift and go to state 252


state 248

    (70) decl_interna -> IF LPAREN expr RPAREN LBRACE decl_interna RBRACE .
    (104) decl_interna -> IF LPAREN expr RPAREN LBRACE decl_interna RBRACE . decl_interna
    (65) decl_interna -> . BREAK SEMICOLON
    (66) decl_interna -> . RETURN expr SEMICOLON
    (67) decl_interna -> . WHILE LPAREN expr RPAREN LBRACE decl_interna RBRACE
    (68) decl_interna -> . FOR LPAREN INTEGER DOT2 INTEGER RPAREN PIPE ID PIPE LBRACE decl_interna RBRACE
    (69) decl_interna -> . expr SEMICOLON
    (70) decl_interna -> . IF LPAREN expr RPAREN LBRACE decl_interna RBRACE
    (71) decl_interna -> . VAR ID COLON tipo_retorno EQUAL expr SEMICOLON
    (72) decl_interna -> . CONST ID EQUAL expr SEMICOLON
    (73) decl_interna -> . CONST ID COLON tipo_retorno EQUAL expr SEMICOLON
    (74) decl_interna -> . VAR ID COLON tipo_retorno EQUAL expr SEMICOLON decl_interna
    (75) decl_interna -> . CONST ID EQUAL expr SEMICOLON decl_interna
    (76) decl_interna -> . CONST ID COLON tipo_retorno EQUAL expr SEMICOLON decl_interna
    (77) decl_interna -> . ID EQUAL expr SEMICOLON
    (78) decl_interna -> . ID PLUSEQUAL expr SEMICOLON
    (79) decl_interna -> . ID PLUSPERCENT expr SEMICOLON
    (80) decl_interna -> . ID PLUSPERCENTEQUAL expr SEMICOLON
    (81) decl_interna -> . ID PLUSPIPE expr SEMICOLON
    (82) decl_interna -> . ID EQUAL expr SEMICOLON decl_interna
    (83) decl_interna -> . ID PLUSEQUAL expr SEMICOLON decl_interna
    (84) decl_interna -> . ID PLUSPERCENT expr SEMICOLON decl_interna
    (85) decl_interna -> . ID PLUSPERCENTEQUAL expr SEMICOLON decl_interna
    (86) decl_interna -> . ID PLUSPIPE expr SEMICOLON decl_interna
    (87) decl_interna -> . ID PLUSPIPEEQUAL expr SEMICOLON
    (88) decl_interna -> . ID MINUSEQUAL expr SEMICOLON
    (89) decl_interna -> . ID MINUSPERCENT expr SEMICOLON
    (90) decl_interna -> . ID MINUSPERCENTEQUAL expr SEMICOLON
    (91) decl_interna -> . ID MINUSPIPE expr SEMICOLON
    (92) decl_interna -> . ID MINUSPIPEEQUAL expr SEMICOLON
    (93) decl_interna -> . ID PLUSPIPEEQUAL expr SEMICOLON decl_interna
    (94) decl_interna -> . ID MINUSEQUAL expr SEMICOLON decl_interna
    (95) decl_interna -> . ID MINUSPERCENT expr SEMICOLON decl_interna
    (96) decl_interna -> . ID MINUSPERCENTEQUAL expr SEMICOLON decl_interna
    (97) decl_interna -> . ID MINUSPIPE expr SEMICOLON decl_interna
    (98) decl_interna -> . ID MINUSPIPEEQUAL expr SEMICOLON decl_interna
    (99) decl_interna -> . expr SEMICOLON decl_interna
    (100) decl_interna -> . BREAK SEMICOLON decl_interna
    (101) decl_interna -> . RETURN expr SEMICOLON decl_interna
    (102) decl_interna -> . WHILE LPAREN expr RPAREN LBRACE decl_interna RBRACE decl_interna
    (103) decl_interna -> . FOR LPAREN INTEGER DOT2 INTEGER RPAREN PIPE ID PIPE LBRACE decl_interna RBRACE decl_interna
    (104) decl_interna -> . IF LPAREN expr RPAREN LBRACE decl_interna RBRACE decl_interna
    (47) expr -> . BUILTINIDENTIFIER LPAREN STRING RPAREN
    (48) expr -> . BUILTINIDENTIFIER LPAREN expr RPAREN DOT expr
    (49) expr -> . ID PLUS expr
    (50) expr -> . ID
    (51) expr -> . ID DOT expr
    (52) expr -> . call
    (53) expr -> . INTEGER
    (54) expr -> . ID MINUS expr
    (55) expr -> . ID SLASH expr
    (56) expr -> . ID ASTERISK expr
    (57) expr -> . ID RARROW expr
    (58) expr -> . ID LARROW expr
    (59) expr -> . ID PERCENT expr
    (60) expr -> . ID EQUALEQUAL expr
    (61) expr -> . ID AND expr
    (62) expr -> . ID OR expr
    (63) expr -> . TRUE
    (64) expr -> . FALSE
    (26) call -> . ID LPAREN args RPAREN
    (27) call -> . ID LPAREN RPAREN

    RBRACE          reduce using rule 70 (decl_interna -> IF LPAREN expr RPAREN LBRACE decl_interna RBRACE .)
    BREAK           shift and go to state 141
    RETURN          shift and go to state 142
    WHILE           shift and go to state 144
    FOR             shift and go to state 145
    IF              shift and go to state 146
    VAR             shift and go to state 147
    CONST           shift and go to state 148
    ID              shift and go to state 138
    BUILTINIDENTIFIER shift and go to state 10
    INTEGER         shift and go to state 12
    TRUE            shift and go to state 13
    FALSE           shift and go to state 14

    expr                           shift and go to state 143
    decl_interna                   shift and go to state 253
    call                           shift and go to state 11

state 249

    (71) decl_interna -> VAR ID COLON tipo_retorno EQUAL expr SEMICOLON .
    (74) decl_interna -> VAR ID COLON tipo_retorno EQUAL expr SEMICOLON . decl_interna
    (65) decl_interna -> . BREAK SEMICOLON
    (66) decl_interna -> . RETURN expr SEMICOLON
    (67) decl_interna -> . WHILE LPAREN expr RPAREN LBRACE decl_interna RBRACE
    (68) decl_interna -> . FOR LPAREN INTEGER DOT2 INTEGER RPAREN PIPE ID PIPE LBRACE decl_interna RBRACE
    (69) decl_interna -> . expr SEMICOLON
    (70) decl_interna -> . IF LPAREN expr RPAREN LBRACE decl_interna RBRACE
    (71) decl_interna -> . VAR ID COLON tipo_retorno EQUAL expr SEMICOLON
    (72) decl_interna -> . CONST ID EQUAL expr SEMICOLON
    (73) decl_interna -> . CONST ID COLON tipo_retorno EQUAL expr SEMICOLON
    (74) decl_interna -> . VAR ID COLON tipo_retorno EQUAL expr SEMICOLON decl_interna
    (75) decl_interna -> . CONST ID EQUAL expr SEMICOLON decl_interna
    (76) decl_interna -> . CONST ID COLON tipo_retorno EQUAL expr SEMICOLON decl_interna
    (77) decl_interna -> . ID EQUAL expr SEMICOLON
    (78) decl_interna -> . ID PLUSEQUAL expr SEMICOLON
    (79) decl_interna -> . ID PLUSPERCENT expr SEMICOLON
    (80) decl_interna -> . ID PLUSPERCENTEQUAL expr SEMICOLON
    (81) decl_interna -> . ID PLUSPIPE expr SEMICOLON
    (82) decl_interna -> . ID EQUAL expr SEMICOLON decl_interna
    (83) decl_interna -> . ID PLUSEQUAL expr SEMICOLON decl_interna
    (84) decl_interna -> . ID PLUSPERCENT expr SEMICOLON decl_interna
    (85) decl_interna -> . ID PLUSPERCENTEQUAL expr SEMICOLON decl_interna
    (86) decl_interna -> . ID PLUSPIPE expr SEMICOLON decl_interna
    (87) decl_interna -> . ID PLUSPIPEEQUAL expr SEMICOLON
    (88) decl_interna -> . ID MINUSEQUAL expr SEMICOLON
    (89) decl_interna -> . ID MINUSPERCENT expr SEMICOLON
    (90) decl_interna -> . ID MINUSPERCENTEQUAL expr SEMICOLON
    (91) decl_interna -> . ID MINUSPIPE expr SEMICOLON
    (92) decl_interna -> . ID MINUSPIPEEQUAL expr SEMICOLON
    (93) decl_interna -> . ID PLUSPIPEEQUAL expr SEMICOLON decl_interna
    (94) decl_interna -> . ID MINUSEQUAL expr SEMICOLON decl_interna
    (95) decl_interna -> . ID MINUSPERCENT expr SEMICOLON decl_interna
    (96) decl_interna -> . ID MINUSPERCENTEQUAL expr SEMICOLON decl_interna
    (97) decl_interna -> . ID MINUSPIPE expr SEMICOLON decl_interna
    (98) decl_interna -> . ID MINUSPIPEEQUAL expr SEMICOLON decl_interna
    (99) decl_interna -> . expr SEMICOLON decl_interna
    (100) decl_interna -> . BREAK SEMICOLON decl_interna
    (101) decl_interna -> . RETURN expr SEMICOLON decl_interna
    (102) decl_interna -> . WHILE LPAREN expr RPAREN LBRACE decl_interna RBRACE decl_interna
    (103) decl_interna -> . FOR LPAREN INTEGER DOT2 INTEGER RPAREN PIPE ID PIPE LBRACE decl_interna RBRACE decl_interna
    (104) decl_interna -> . IF LPAREN expr RPAREN LBRACE decl_interna RBRACE decl_interna
    (47) expr -> . BUILTINIDENTIFIER LPAREN STRING RPAREN
    (48) expr -> . BUILTINIDENTIFIER LPAREN expr RPAREN DOT expr
    (49) expr -> . ID PLUS expr
    (50) expr -> . ID
    (51) expr -> . ID DOT expr
    (52) expr -> . call
    (53) expr -> . INTEGER
    (54) expr -> . ID MINUS expr
    (55) expr -> . ID SLASH expr
    (56) expr -> . ID ASTERISK expr
    (57) expr -> . ID RARROW expr
    (58) expr -> . ID LARROW expr
    (59) expr -> . ID PERCENT expr
    (60) expr -> . ID EQUALEQUAL expr
    (61) expr -> . ID AND expr
    (62) expr -> . ID OR expr
    (63) expr -> . TRUE
    (64) expr -> . FALSE
    (26) call -> . ID LPAREN args RPAREN
    (27) call -> . ID LPAREN RPAREN

    RBRACE          reduce using rule 71 (decl_interna -> VAR ID COLON tipo_retorno EQUAL expr SEMICOLON .)
    BREAK           shift and go to state 141
    RETURN          shift and go to state 142
    WHILE           shift and go to state 144
    FOR             shift and go to state 145
    IF              shift and go to state 146
    VAR             shift and go to state 147
    CONST           shift and go to state 148
    ID              shift and go to state 138
    BUILTINIDENTIFIER shift and go to state 10
    INTEGER         shift and go to state 12
    TRUE            shift and go to state 13
    FALSE           shift and go to state 14

    expr                           shift and go to state 143
    decl_interna                   shift and go to state 254
    call                           shift and go to state 11

state 250

    (73) decl_interna -> CONST ID COLON tipo_retorno EQUAL expr SEMICOLON .
    (76) decl_interna -> CONST ID COLON tipo_retorno EQUAL expr SEMICOLON . decl_interna
    (65) decl_interna -> . BREAK SEMICOLON
    (66) decl_interna -> . RETURN expr SEMICOLON
    (67) decl_interna -> . WHILE LPAREN expr RPAREN LBRACE decl_interna RBRACE
    (68) decl_interna -> . FOR LPAREN INTEGER DOT2 INTEGER RPAREN PIPE ID PIPE LBRACE decl_interna RBRACE
    (69) decl_interna -> . expr SEMICOLON
    (70) decl_interna -> . IF LPAREN expr RPAREN LBRACE decl_interna RBRACE
    (71) decl_interna -> . VAR ID COLON tipo_retorno EQUAL expr SEMICOLON
    (72) decl_interna -> . CONST ID EQUAL expr SEMICOLON
    (73) decl_interna -> . CONST ID COLON tipo_retorno EQUAL expr SEMICOLON
    (74) decl_interna -> . VAR ID COLON tipo_retorno EQUAL expr SEMICOLON decl_interna
    (75) decl_interna -> . CONST ID EQUAL expr SEMICOLON decl_interna
    (76) decl_interna -> . CONST ID COLON tipo_retorno EQUAL expr SEMICOLON decl_interna
    (77) decl_interna -> . ID EQUAL expr SEMICOLON
    (78) decl_interna -> . ID PLUSEQUAL expr SEMICOLON
    (79) decl_interna -> . ID PLUSPERCENT expr SEMICOLON
    (80) decl_interna -> . ID PLUSPERCENTEQUAL expr SEMICOLON
    (81) decl_interna -> . ID PLUSPIPE expr SEMICOLON
    (82) decl_interna -> . ID EQUAL expr SEMICOLON decl_interna
    (83) decl_interna -> . ID PLUSEQUAL expr SEMICOLON decl_interna
    (84) decl_interna -> . ID PLUSPERCENT expr SEMICOLON decl_interna
    (85) decl_interna -> . ID PLUSPERCENTEQUAL expr SEMICOLON decl_interna
    (86) decl_interna -> . ID PLUSPIPE expr SEMICOLON decl_interna
    (87) decl_interna -> . ID PLUSPIPEEQUAL expr SEMICOLON
    (88) decl_interna -> . ID MINUSEQUAL expr SEMICOLON
    (89) decl_interna -> . ID MINUSPERCENT expr SEMICOLON
    (90) decl_interna -> . ID MINUSPERCENTEQUAL expr SEMICOLON
    (91) decl_interna -> . ID MINUSPIPE expr SEMICOLON
    (92) decl_interna -> . ID MINUSPIPEEQUAL expr SEMICOLON
    (93) decl_interna -> . ID PLUSPIPEEQUAL expr SEMICOLON decl_interna
    (94) decl_interna -> . ID MINUSEQUAL expr SEMICOLON decl_interna
    (95) decl_interna -> . ID MINUSPERCENT expr SEMICOLON decl_interna
    (96) decl_interna -> . ID MINUSPERCENTEQUAL expr SEMICOLON decl_interna
    (97) decl_interna -> . ID MINUSPIPE expr SEMICOLON decl_interna
    (98) decl_interna -> . ID MINUSPIPEEQUAL expr SEMICOLON decl_interna
    (99) decl_interna -> . expr SEMICOLON decl_interna
    (100) decl_interna -> . BREAK SEMICOLON decl_interna
    (101) decl_interna -> . RETURN expr SEMICOLON decl_interna
    (102) decl_interna -> . WHILE LPAREN expr RPAREN LBRACE decl_interna RBRACE decl_interna
    (103) decl_interna -> . FOR LPAREN INTEGER DOT2 INTEGER RPAREN PIPE ID PIPE LBRACE decl_interna RBRACE decl_interna
    (104) decl_interna -> . IF LPAREN expr RPAREN LBRACE decl_interna RBRACE decl_interna
    (47) expr -> . BUILTINIDENTIFIER LPAREN STRING RPAREN
    (48) expr -> . BUILTINIDENTIFIER LPAREN expr RPAREN DOT expr
    (49) expr -> . ID PLUS expr
    (50) expr -> . ID
    (51) expr -> . ID DOT expr
    (52) expr -> . call
    (53) expr -> . INTEGER
    (54) expr -> . ID MINUS expr
    (55) expr -> . ID SLASH expr
    (56) expr -> . ID ASTERISK expr
    (57) expr -> . ID RARROW expr
    (58) expr -> . ID LARROW expr
    (59) expr -> . ID PERCENT expr
    (60) expr -> . ID EQUALEQUAL expr
    (61) expr -> . ID AND expr
    (62) expr -> . ID OR expr
    (63) expr -> . TRUE
    (64) expr -> . FALSE
    (26) call -> . ID LPAREN args RPAREN
    (27) call -> . ID LPAREN RPAREN

    RBRACE          reduce using rule 73 (decl_interna -> CONST ID COLON tipo_retorno EQUAL expr SEMICOLON .)
    BREAK           shift and go to state 141
    RETURN          shift and go to state 142
    WHILE           shift and go to state 144
    FOR             shift and go to state 145
    IF              shift and go to state 146
    VAR             shift and go to state 147
    CONST           shift and go to state 148
    ID              shift and go to state 138
    BUILTINIDENTIFIER shift and go to state 10
    INTEGER         shift and go to state 12
    TRUE            shift and go to state 13
    FALSE           shift and go to state 14

    expr                           shift and go to state 143
    decl_interna                   shift and go to state 255
    call                           shift and go to state 11

state 251

    (102) decl_interna -> WHILE LPAREN expr RPAREN LBRACE decl_interna RBRACE decl_interna .

    RBRACE          reduce using rule 102 (decl_interna -> WHILE LPAREN expr RPAREN LBRACE decl_interna RBRACE decl_interna .)


state 252

    (68) decl_interna -> FOR LPAREN INTEGER DOT2 INTEGER RPAREN PIPE ID . PIPE LBRACE decl_interna RBRACE
    (103) decl_interna -> FOR LPAREN INTEGER DOT2 INTEGER RPAREN PIPE ID . PIPE LBRACE decl_interna RBRACE decl_interna

    PIPE            shift and go to state 256


state 253

    (104) decl_interna -> IF LPAREN expr RPAREN LBRACE decl_interna RBRACE decl_interna .

    RBRACE          reduce using rule 104 (decl_interna -> IF LPAREN expr RPAREN LBRACE decl_interna RBRACE decl_interna .)


state 254

    (74) decl_interna -> VAR ID COLON tipo_retorno EQUAL expr SEMICOLON decl_interna .

    RBRACE          reduce using rule 74 (decl_interna -> VAR ID COLON tipo_retorno EQUAL expr SEMICOLON decl_interna .)


state 255

    (76) decl_interna -> CONST ID COLON tipo_retorno EQUAL expr SEMICOLON decl_interna .

    RBRACE          reduce using rule 76 (decl_interna -> CONST ID COLON tipo_retorno EQUAL expr SEMICOLON decl_interna .)


state 256

    (68) decl_interna -> FOR LPAREN INTEGER DOT2 INTEGER RPAREN PIPE ID PIPE . LBRACE decl_interna RBRACE
    (103) decl_interna -> FOR LPAREN INTEGER DOT2 INTEGER RPAREN PIPE ID PIPE . LBRACE decl_interna RBRACE decl_interna

    LBRACE          shift and go to state 257


state 257

    (68) decl_interna -> FOR LPAREN INTEGER DOT2 INTEGER RPAREN PIPE ID PIPE LBRACE . decl_interna RBRACE
    (103) decl_interna -> FOR LPAREN INTEGER DOT2 INTEGER RPAREN PIPE ID PIPE LBRACE . decl_interna RBRACE decl_interna
    (65) decl_interna -> . BREAK SEMICOLON
    (66) decl_interna -> . RETURN expr SEMICOLON
    (67) decl_interna -> . WHILE LPAREN expr RPAREN LBRACE decl_interna RBRACE
    (68) decl_interna -> . FOR LPAREN INTEGER DOT2 INTEGER RPAREN PIPE ID PIPE LBRACE decl_interna RBRACE
    (69) decl_interna -> . expr SEMICOLON
    (70) decl_interna -> . IF LPAREN expr RPAREN LBRACE decl_interna RBRACE
    (71) decl_interna -> . VAR ID COLON tipo_retorno EQUAL expr SEMICOLON
    (72) decl_interna -> . CONST ID EQUAL expr SEMICOLON
    (73) decl_interna -> . CONST ID COLON tipo_retorno EQUAL expr SEMICOLON
    (74) decl_interna -> . VAR ID COLON tipo_retorno EQUAL expr SEMICOLON decl_interna
    (75) decl_interna -> . CONST ID EQUAL expr SEMICOLON decl_interna
    (76) decl_interna -> . CONST ID COLON tipo_retorno EQUAL expr SEMICOLON decl_interna
    (77) decl_interna -> . ID EQUAL expr SEMICOLON
    (78) decl_interna -> . ID PLUSEQUAL expr SEMICOLON
    (79) decl_interna -> . ID PLUSPERCENT expr SEMICOLON
    (80) decl_interna -> . ID PLUSPERCENTEQUAL expr SEMICOLON
    (81) decl_interna -> . ID PLUSPIPE expr SEMICOLON
    (82) decl_interna -> . ID EQUAL expr SEMICOLON decl_interna
    (83) decl_interna -> . ID PLUSEQUAL expr SEMICOLON decl_interna
    (84) decl_interna -> . ID PLUSPERCENT expr SEMICOLON decl_interna
    (85) decl_interna -> . ID PLUSPERCENTEQUAL expr SEMICOLON decl_interna
    (86) decl_interna -> . ID PLUSPIPE expr SEMICOLON decl_interna
    (87) decl_interna -> . ID PLUSPIPEEQUAL expr SEMICOLON
    (88) decl_interna -> . ID MINUSEQUAL expr SEMICOLON
    (89) decl_interna -> . ID MINUSPERCENT expr SEMICOLON
    (90) decl_interna -> . ID MINUSPERCENTEQUAL expr SEMICOLON
    (91) decl_interna -> . ID MINUSPIPE expr SEMICOLON
    (92) decl_interna -> . ID MINUSPIPEEQUAL expr SEMICOLON
    (93) decl_interna -> . ID PLUSPIPEEQUAL expr SEMICOLON decl_interna
    (94) decl_interna -> . ID MINUSEQUAL expr SEMICOLON decl_interna
    (95) decl_interna -> . ID MINUSPERCENT expr SEMICOLON decl_interna
    (96) decl_interna -> . ID MINUSPERCENTEQUAL expr SEMICOLON decl_interna
    (97) decl_interna -> . ID MINUSPIPE expr SEMICOLON decl_interna
    (98) decl_interna -> . ID MINUSPIPEEQUAL expr SEMICOLON decl_interna
    (99) decl_interna -> . expr SEMICOLON decl_interna
    (100) decl_interna -> . BREAK SEMICOLON decl_interna
    (101) decl_interna -> . RETURN expr SEMICOLON decl_interna
    (102) decl_interna -> . WHILE LPAREN expr RPAREN LBRACE decl_interna RBRACE decl_interna
    (103) decl_interna -> . FOR LPAREN INTEGER DOT2 INTEGER RPAREN PIPE ID PIPE LBRACE decl_interna RBRACE decl_interna
    (104) decl_interna -> . IF LPAREN expr RPAREN LBRACE decl_interna RBRACE decl_interna
    (47) expr -> . BUILTINIDENTIFIER LPAREN STRING RPAREN
    (48) expr -> . BUILTINIDENTIFIER LPAREN expr RPAREN DOT expr
    (49) expr -> . ID PLUS expr
    (50) expr -> . ID
    (51) expr -> . ID DOT expr
    (52) expr -> . call
    (53) expr -> . INTEGER
    (54) expr -> . ID MINUS expr
    (55) expr -> . ID SLASH expr
    (56) expr -> . ID ASTERISK expr
    (57) expr -> . ID RARROW expr
    (58) expr -> . ID LARROW expr
    (59) expr -> . ID PERCENT expr
    (60) expr -> . ID EQUALEQUAL expr
    (61) expr -> . ID AND expr
    (62) expr -> . ID OR expr
    (63) expr -> . TRUE
    (64) expr -> . FALSE
    (26) call -> . ID LPAREN args RPAREN
    (27) call -> . ID LPAREN RPAREN

    BREAK           shift and go to state 141
    RETURN          shift and go to state 142
    WHILE           shift and go to state 144
    FOR             shift and go to state 145
    IF              shift and go to state 146
    VAR             shift and go to state 147
    CONST           shift and go to state 148
    ID              shift and go to state 138
    BUILTINIDENTIFIER shift and go to state 10
    INTEGER         shift and go to state 12
    TRUE            shift and go to state 13
    FALSE           shift and go to state 14

    decl_interna                   shift and go to state 258
    expr                           shift and go to state 143
    call                           shift and go to state 11

state 258

    (68) decl_interna -> FOR LPAREN INTEGER DOT2 INTEGER RPAREN PIPE ID PIPE LBRACE decl_interna . RBRACE
    (103) decl_interna -> FOR LPAREN INTEGER DOT2 INTEGER RPAREN PIPE ID PIPE LBRACE decl_interna . RBRACE decl_interna

    RBRACE          shift and go to state 259


state 259

    (68) decl_interna -> FOR LPAREN INTEGER DOT2 INTEGER RPAREN PIPE ID PIPE LBRACE decl_interna RBRACE .
    (103) decl_interna -> FOR LPAREN INTEGER DOT2 INTEGER RPAREN PIPE ID PIPE LBRACE decl_interna RBRACE . decl_interna
    (65) decl_interna -> . BREAK SEMICOLON
    (66) decl_interna -> . RETURN expr SEMICOLON
    (67) decl_interna -> . WHILE LPAREN expr RPAREN LBRACE decl_interna RBRACE
    (68) decl_interna -> . FOR LPAREN INTEGER DOT2 INTEGER RPAREN PIPE ID PIPE LBRACE decl_interna RBRACE
    (69) decl_interna -> . expr SEMICOLON
    (70) decl_interna -> . IF LPAREN expr RPAREN LBRACE decl_interna RBRACE
    (71) decl_interna -> . VAR ID COLON tipo_retorno EQUAL expr SEMICOLON
    (72) decl_interna -> . CONST ID EQUAL expr SEMICOLON
    (73) decl_interna -> . CONST ID COLON tipo_retorno EQUAL expr SEMICOLON
    (74) decl_interna -> . VAR ID COLON tipo_retorno EQUAL expr SEMICOLON decl_interna
    (75) decl_interna -> . CONST ID EQUAL expr SEMICOLON decl_interna
    (76) decl_interna -> . CONST ID COLON tipo_retorno EQUAL expr SEMICOLON decl_interna
    (77) decl_interna -> . ID EQUAL expr SEMICOLON
    (78) decl_interna -> . ID PLUSEQUAL expr SEMICOLON
    (79) decl_interna -> . ID PLUSPERCENT expr SEMICOLON
    (80) decl_interna -> . ID PLUSPERCENTEQUAL expr SEMICOLON
    (81) decl_interna -> . ID PLUSPIPE expr SEMICOLON
    (82) decl_interna -> . ID EQUAL expr SEMICOLON decl_interna
    (83) decl_interna -> . ID PLUSEQUAL expr SEMICOLON decl_interna
    (84) decl_interna -> . ID PLUSPERCENT expr SEMICOLON decl_interna
    (85) decl_interna -> . ID PLUSPERCENTEQUAL expr SEMICOLON decl_interna
    (86) decl_interna -> . ID PLUSPIPE expr SEMICOLON decl_interna
    (87) decl_interna -> . ID PLUSPIPEEQUAL expr SEMICOLON
    (88) decl_interna -> . ID MINUSEQUAL expr SEMICOLON
    (89) decl_interna -> . ID MINUSPERCENT expr SEMICOLON
    (90) decl_interna -> . ID MINUSPERCENTEQUAL expr SEMICOLON
    (91) decl_interna -> . ID MINUSPIPE expr SEMICOLON
    (92) decl_interna -> . ID MINUSPIPEEQUAL expr SEMICOLON
    (93) decl_interna -> . ID PLUSPIPEEQUAL expr SEMICOLON decl_interna
    (94) decl_interna -> . ID MINUSEQUAL expr SEMICOLON decl_interna
    (95) decl_interna -> . ID MINUSPERCENT expr SEMICOLON decl_interna
    (96) decl_interna -> . ID MINUSPERCENTEQUAL expr SEMICOLON decl_interna
    (97) decl_interna -> . ID MINUSPIPE expr SEMICOLON decl_interna
    (98) decl_interna -> . ID MINUSPIPEEQUAL expr SEMICOLON decl_interna
    (99) decl_interna -> . expr SEMICOLON decl_interna
    (100) decl_interna -> . BREAK SEMICOLON decl_interna
    (101) decl_interna -> . RETURN expr SEMICOLON decl_interna
    (102) decl_interna -> . WHILE LPAREN expr RPAREN LBRACE decl_interna RBRACE decl_interna
    (103) decl_interna -> . FOR LPAREN INTEGER DOT2 INTEGER RPAREN PIPE ID PIPE LBRACE decl_interna RBRACE decl_interna
    (104) decl_interna -> . IF LPAREN expr RPAREN LBRACE decl_interna RBRACE decl_interna
    (47) expr -> . BUILTINIDENTIFIER LPAREN STRING RPAREN
    (48) expr -> . BUILTINIDENTIFIER LPAREN expr RPAREN DOT expr
    (49) expr -> . ID PLUS expr
    (50) expr -> . ID
    (51) expr -> . ID DOT expr
    (52) expr -> . call
    (53) expr -> . INTEGER
    (54) expr -> . ID MINUS expr
    (55) expr -> . ID SLASH expr
    (56) expr -> . ID ASTERISK expr
    (57) expr -> . ID RARROW expr
    (58) expr -> . ID LARROW expr
    (59) expr -> . ID PERCENT expr
    (60) expr -> . ID EQUALEQUAL expr
    (61) expr -> . ID AND expr
    (62) expr -> . ID OR expr
    (63) expr -> . TRUE
    (64) expr -> . FALSE
    (26) call -> . ID LPAREN args RPAREN
    (27) call -> . ID LPAREN RPAREN

    RBRACE          reduce using rule 68 (decl_interna -> FOR LPAREN INTEGER DOT2 INTEGER RPAREN PIPE ID PIPE LBRACE decl_interna RBRACE .)
    BREAK           shift and go to state 141
    RETURN          shift and go to state 142
    WHILE           shift and go to state 144
    FOR             shift and go to state 145
    IF              shift and go to state 146
    VAR             shift and go to state 147
    CONST           shift and go to state 148
    ID              shift and go to state 138
    BUILTINIDENTIFIER shift and go to state 10
    INTEGER         shift and go to state 12
    TRUE            shift and go to state 13
    FALSE           shift and go to state 14

    decl_interna                   shift and go to state 260
    expr                           shift and go to state 143
    call                           shift and go to state 11

state 260

    (103) decl_interna -> FOR LPAREN INTEGER DOT2 INTEGER RPAREN PIPE ID PIPE LBRACE decl_interna RBRACE decl_interna .

    RBRACE          reduce using rule 103 (decl_interna -> FOR LPAREN INTEGER DOT2 INTEGER RPAREN PIPE ID PIPE LBRACE decl_interna RBRACE decl_interna .)

